symbol,last_date,rows
AAC,2026-09-02,5
AADX,2026-10-08,89
AAL,2026-10-08,593
AAMI,2026-10-08,611
AAOI,2026-10-08,562
AAON,2026-10-08,584
AAP,2026-10-08,612
AAT,2026-10-08,611
AAUC,2026-10-08,537
AB,2026-10-08,571
ABCB,2026-10-08,609
ABCL,2026-10-08,604
ABEO,2026-09-30,605
ABG,2026-10-01,544
ABM,2026-10-08,612
ABR,2026-09-08,591
ABSI,2026-10-08,607
ABTC,2026-10-08,276
ABUS,2026-09-21,527
ABX,2026-10-08,612
ACA,2026-10-08,589
ACAD,2026-10-08,612
ACDC,2026-09-18,588
ACEL,2026-10-08,569
ACHC,2026-10-08,612
ACHR,2026-10-01,599
ACHV,2026-10-08,601
ACI,2026-10-08,613
ACIC,2026-10-01,556
ACIW,2026-10-08,612
ACLS,2026-10-08,612
ACM,2026-10-08,602
ACMR,2026-10-08,612
ACRS,2026-09-30,569
ACT,2026-10-08,602
ACVA,2026-10-08,612
AD,2026-09-30,541
ADAM,2026-10-08,612
ADC,2026-10-08,612
ADEA,2026-10-08,614
ADIG,2026-10-08,50
ADMA,2026-10-08,612
ADNT,2026-10-08,612
ADPT,2026-10-08,612
ADRX,2026-10-08,10
ADT,2026-10-08,612
ADTN,2026-10-08,612
ADUR,2026-09-15,521
ADUS,2026-07-10,522
AEBI,2026-10-08,295
AEHR,2026-10-08,612
AEIS,2026-07-29,501
AENT,2026-09-11,501
AEO,2026-10-08,612
AESI,2026-10-08,612
AEVA,2026-10-08,612
AFYA,2026-10-08,519
AG,2026-10-08,604
AGBK,2026-08-20,132
AGCO,2026-10-08,612
AGEN,2026-10-08,548
AGIO,2026-10-08,612
AGL,2026-08-20,568
AGNT,2026-07-02,519
AGO,2026-10-08,612
AGRO,2026-10-08,612
AGX,2026-10-08,583
AGYS,2026-08-25,560
AHCO,2026-10-08,612
AHR,2026-06-22,538
AHRT,2026-10-08,612
AI,2026-10-08,612
AIAI,2026-08-24,70
AIN,2026-09-14,534
AIP,2026-10-08,612
AIR,2026-10-08,609
AIRJ,2026-08-24,533
AIRO,2026-08-14,294
AIRS,2026-08-07,523
AKR,2026-10-08,612
AKTS,2026-10-08,188
ALGM,2026-10-08,603
ALGN,2026-10-07,502
ALGT,2026-10-08,612
ALH,2026-10-08,249
ALHC,2026-10-08,613
ALIT,2026-09-24,554
ALK,2026-10-08,612
ALKS,2026-10-08,612
ALKT,2026-10-08,612
ALLT,2026-09-30,580
ALM,2026-10-08,612
ALMR,2026-10-08,121
ALMS,2026-10-08,570
ALMU,2026-08-18,574
ALNT,2026-08-19,545
ALOY,2026-10-08,613
ALRM,2026-10-08,612
ALRS,2026-07-10,510
ALSN,2026-10-08,581
ALTO,2026-08-05,557
ALV,2026-10-08,612
ALVO,2026-10-08,530
AM,2026-10-07,524
AMAL,2026-10-08,513
AMBA,2026-10-08,612
AMBP,2026-09-04,527
AMBQ,2026-10-08,299
AMCX,2026-10-08,612
AMG,2026-10-07,566
AMLX,2026-10-08,612
AMN,2026-10-08,612
AMPH,2026-10-08,612
AMPL,2026-10-08,612
AMPX,2026-10-08,613
AMR,2026-10-01,553
AMRC,2026-10-08,611
AMRX,2026-10-08,612
AMSC,2026-10-08,613
AMSF,2026-10-08,558
AMTB,2026-10-08,576
AMTM,2026-10-08,510
AMWD,2026-05-27,511
AN,2026-10-08,611
ANAB,2026-10-08,612
ANDE,2026-10-08,597
ANDG,2026-10-08,203
ANF,2026-10-08,612
ANGI,2026-05-01,501
ANGO,2026-10-08,599
ANGX,2026-09-21,258
ANIP,2026-10-08,591
ANNX,2026-08-27,582
ANRO,2026-10-08,601
AORT,2026-10-08,610
AOS,2026-10-08,612
AOSL,2026-10-08,612
APAM,2026-10-08,612
APC,2026-07-06,98
APEI,2026-10-01,560
APGE,2026-07-02,546
APLD,2026-10-08,577
APLE,2026-10-08,612
APLS,2026-05-13,512
APMD,2026-10-08,49
APOG,2026-10-08,521
APPF,2026-10-08,610
APPN,2026-10-08,612
APPS,2026-10-08,592
APTV,2026-10-08,539
APXT,2026-08-14,186
AQN,2026-10-08,612
AQST,2026-09-09,515
ARCB,2026-08-25,580
ARCO,2026-10-08,612
ARCT,2026-10-08,533
ARDT,2026-10-08,557
ARDX,2026-08-04,568
ARE,2026-10-08,612
ARHS,2026-10-08,612
ARI,2026-10-08,612
ARIS,2026-10-08,612
ARKO,2026-08-07,571
ARLO,2026-10-08,612
ARLP,2026-10-08,569
AROC,2026-10-08,612
ARQQ,2026-10-01,554
ARQT,2026-10-08,612
ARR,2026-10-08,612
ARRY,2026-08-14,576
ARTV,2026-10-08,547
ARVN,2026-10-08,612
ARW,2026-07-07,514
ARWR,2026-10-08,533
ARX,2026-10-08,303
ASAN,2026-10-08,612
ASB,2026-10-08,612
ASC,2026-10-08,612
ASH,2026-10-08,612
ASIX,2026-10-01,548
ASLE,2026-08-10,539
ASMB,2026-10-05,542
ASO,2026-10-08,612
ASPI,2026-07-10,548
ASPN,2026-10-08,594
ASST,2026-10-08,614
ASTE,2026-08-18,518
ASTH,2026-10-08,610
ASTL,2026-06-12,525
ASYS,2026-08-04,555
ATAI,2026-09-11,553
ATEC,2026-10-08,612
ATEN,2026-10-08,612
ATEX,2026-10-01,603
ATII,2026-10-08,314
ATKR,2026-10-08,606
ATMU,2026-10-08,612
ATOM,2026-07-01,541
ATR,2026-10-08,612
ATRC,2026-10-08,612
ATRO,2026-10-08,612
ATS,2026-09-23,521
ATTO,2026-10-08,46
AUB,2026-10-08,612
AUGO,2026-10-08,309
AUNA,2026-08-20,510
AUPH,2026-10-08,612
AUR,2026-04-29,502
AURA,2026-10-08,607
AVA,2026-10-08,612
AVAH,2026-10-08,612
AVAV,2026-10-08,612
AVBC,2026-07-10,236
AVBP,2026-10-08,612
AVEX,2026-10-08,121
AVIR,2026-10-01,518
AVLN,2026-10-08,112
AVNS,2026-07-23,560
AVNT,2026-10-08,612
AVO,2026-10-08,612
AVPT,2026-10-08,612
AVR,2026-10-08,453
AVT,2026-10-08,612
AVTR,2026-09-23,592
AVTX,2026-10-08,612
AWI,2026-10-08,612
AWR,2026-08-07,562
AX,2026-10-08,595
AXGN,2026-10-08,612
AXS,2026-10-08,612
AXSM,2026-10-08,514
AXTA,2026-10-08,612
AXTI,2026-10-08,614
AYA,2026-10-08,605
AYI,2026-10-08,570
AZ,2026-08-26,532
AZTA,2026-10-08,612
AZZ,2026-09-25,534
BACC,2026-07-13,236
BAH,2026-10-08,612
BANC,2026-10-08,612
BAND,2026-10-08,612
BANF,2026-07-02,505
BANR,2026-09-25,565
BATRK,2026-10-08,612
BAX,2026-06-08,529
BB,2026-10-08,614
BBAI,2026-06-02,503
BBBY,2026-08-04,562
BBCP,2026-09-18,538
BBCQ,2026-08-25,145
BBDC,2026-10-08,612
BBNX,2026-10-08,423
BBOT,2026-09-14,570
BBSI,2026-10-07,522
BBT,2026-10-08,612
BBUC,2026-10-08,583
BBW,2026-10-08,604
BBWI,2026-10-08,612
BC,2026-10-08,612
BCAL,2026-09-23,511
BCAR,2026-07-27,234
BCAX,2026-10-08,517
BCC,2026-10-08,589
BCCQ,2026-09-09,27
BCO,2026-10-08,612
BCPC,2026-07-10,508
BCRX,2026-10-08,611
BCSF,2026-10-08,604
BDC,2026-10-08,611
BEAG,2026-10-08,454
BEAM,2026-10-08,612
BELFB,2026-08-10,541
BEP,2026-10-08,567
BEPC,2026-10-08,612
BETA,2026-10-08,231
BETR,2026-08-10,564
BFAM,2026-10-08,612
BFH,2026-10-08,612
BFLY,2026-10-08,592
BFST,2026-07-10,512
BGC,2026-10-08,612
BGS,2026-05-12,511
BHC,2026-10-08,590
BHE,2026-10-08,610
BHF,2026-10-08,612
BHVN,2026-10-08,612
BILL,2026-10-08,612
BIO,2026-08-10,563
BIOA,2026-10-02,504
BIPC,2026-10-08,612
BIRK,2026-10-08,612
BJRI,2026-10-08,606
BKD,2026-10-08,612
BKE,2026-10-08,610
BKH,2026-10-08,612
BKKT,2026-10-08,604
BKSY,2026-10-08,612
BKU,2026-10-08,612
BKV,2026-10-08,508
BL,2026-10-08,612
BLBD,2026-10-08,612
BLCO,2026-10-08,612
BLDP,2026-06-08,512
BLDR,2026-10-08,612
BLFS,2026-10-05,609
BLKB,2026-10-08,612
BLLN,2026-10-08,229
BLMN,2026-10-08,612
BLSH,2026-10-08,289
BLX,2026-07-08,505
BLZE,2026-10-08,607
BMI,2026-10-08,607
BMM,2026-09-30,172
BMNR,2026-07-24,285
BMRN,2026-05-20,502
BNED,2026-09-21,546
BNL,2026-10-08,612
BOBS,2026-10-08,170
BOC,2026-06-01,509
BOH,2026-10-08,599
BOKF,2026-10-01,542
BOOT,2026-10-08,612
BORR,2026-06-03,526
BOT,2026-07-09,41
BOW,2026-09-23,534
BOX,2026-10-08,612
BPOP,2026-10-08,541
BRAI,2026-07-24,112
BRBR,2026-10-08,612
BRC,2026-10-08,559
BRCB,2026-09-29,253
BRKR,2026-10-08,612
BROS,2026-10-08,578
BRSL,2026-10-08,612
BRSP,2026-08-07,571
BRUN,2026-10-08,440
BRVE,2026-10-08,45
BRX,2026-10-08,612
BRZE,2026-10-08,612
BSM,2026-10-07,606
BSY,2026-10-02,582
BTDR,2026-10-08,613
BTE,2026-09-15,534
BTGO,2026-10-08,181
BTSG,2026-05-05,506
BTU,2026-10-08,612
BULL,2026-10-08,614
BUR,2026-05-08,506
BUSE,2026-10-08,612
BV,2026-10-08,612
BVS,2026-10-08,612
BW,2026-10-08,613
BWB,2026-07-08,508
BWIN,2026-10-08,612
BWLP,2026-10-08,606
BWMN,2026-10-08,532
BXDC,2026-10-08,102
BXMT,2026-10-08,612
BXP,2026-10-08,543
BXSL,2026-10-08,612
BY,2026-09-16,563
BYD,2026-10-08,612
BZH,2026-10-08,612
CAAP,2026-10-08,508
CABO,2026-07-01,502
CADL,2026-10-08,612
CAE,2026-10-08,612
CAEP,2026-05-14,223
CAES,2026-07-01,10
CAG,2026-10-08,612
CAI,2026-10-08,327
CAKE,2026-10-08,612
CAL,2026-10-08,612
CALM,2026-10-08,612
CALX,2026-10-08,612
CALY,2026-10-08,612
CAMT,2026-10-08,612
CAPR,2026-10-08,606
CAR,2026-10-08,606
CARE,2026-10-01,586
CARG,2026-10-08,612
CARL,2026-06-01,216
CARS,2026-10-08,612
CART,2026-09-30,549
CASH,2026-09-21,505
CAST,2026-06-29,77
CATY,2026-10-08,612
CAVA,2026-10-08,603
CBAN,2026-07-17,535
CBC,2026-10-08,219
CBIO,2026-10-08,577
CBL,2026-10-08,542
CBLL,2026-10-01,480
CBRL,2026-10-08,612
CBSH,2026-10-08,612
CBT,2026-10-08,606
CBU,2026-10-05,531
CBZ,2026-10-08,612
CC,2026-10-08,612
CCAP,2026-09-23,521
CCB,2026-10-08,520
CCC,2026-10-08,586
CCIX,2026-07-24,494
CCOI,2026-10-08,611
CCRN,2026-07-20,557
CCS,2026-09-23,571
CCXI,2026-10-08,168
CDNA,2026-10-08,612
CDNL,2026-10-08,208
CDP,2026-10-08,612
CDRE,2026-10-08,598
CE,2026-10-08,612
CECO,2026-10-08,612
CELC,2026-10-08,612
CELH,2026-10-08,614
CENTA,2026-10-08,587
CENX,2026-10-08,612
CEPL,2026-07-23,12
CEPT,2026-06-30,291
CERT,2026-10-08,610
CEVA,2026-10-08,612
CFFN,2026-10-08,612
CFR,2026-10-08,579
CGAU,2026-10-08,612
CGBD,2026-10-08,612
CGCT,2026-06-02,237
CGEM,2026-10-08,612
CGNT,2026-10-08,612
CGNX,2026-09-28,534
CGON,2026-10-08,612
CHCT,2026-10-08,544
CHDN,2026-10-08,612
CHE,2026-05-07,508
CHEF,2026-10-08,612
CHH,2026-10-08,612
CHRD,2026-10-08,612
CHRN,2026-07-29,537
CHWY,2026-10-08,606
CHYM,2026-08-05,288
CIFR,2026-10-08,607
CIGI,2026-07-09,517
CIM,2026-10-08,612
CION,2026-10-08,612
CLB,2026-10-08,612
CLBK,2026-10-08,609
CLBT,2026-10-08,612
CLDT,2026-10-01,581
CLDX,2026-10-08,613
CLF,2026-10-08,613
CLFD,2026-08-11,529
CLMT,2026-10-08,612
CLOV,2026-09-14,514
CLPT,2026-10-08,612
CLSK,2026-10-08,614
CLW,2026-08-11,508
CLX,2026-10-07,509
CLYM,2026-10-08,612
CMBT,2026-10-08,612
CMC,2026-10-08,612
CMCO,2026-10-08,596
CMII,2026-07-10,92
CMP,2026-10-08,612
CMPR,2026-06-30,503
CMRE,2026-10-08,612
CNK,2026-10-08,612
CNM,2026-10-08,611
CNMD,2026-10-08,604
CNNE,2026-10-08,612
CNO,2026-10-08,612
CNOB,2026-10-08,605
CNR,2026-10-08,613
CNS,2026-10-08,559
CNX,2026-10-08,612
CNXC,2026-10-08,612
COAG,2026-10-08,111
COCO,2026-10-08,612
CODI,2026-10-08,612
COGT,2026-10-08,612
COHU,2026-10-08,612
COKE,2026-06-01,500
COLB,2026-10-08,612
COLD,2026-10-08,612
COLL,2026-10-08,612
COLM,2026-10-08,612
COMP,2026-10-08,612
CON,2026-10-08,552
CORT,2026-07-29,564
CORZ,2026-10-08,613
COUR,2026-10-08,612
CPA,2026-10-08,581
CPB,2026-10-08,612
CPK,2026-07-10,501
CPRI,2026-10-08,612
CPRX,2026-07-13,552
CR,2026-05-19,509
CRC,2026-10-08,612
CRCT,2026-10-08,544
CRGY,2026-10-08,612
CRI,2026-10-08,612
CRK,2026-10-08,612
CRL,2026-06-24,540
CRMD,2026-10-08,612
CRML,2026-10-08,614
CRNC,2026-10-08,612
CRNX,2026-08-31,586
CROX,2026-10-08,612
CRSP,2026-10-08,612
CRSR,2026-10-08,612
CRTO,2026-10-08,528
CRUS,2026-10-08,612
CRVL,2026-07-02,503
CRVS,2026-10-08,612
CSGS,2026-05-13,511
CSHR,2026-09-28,124
CSIQ,2026-10-08,613
CSQR,2026-10-08,60
CSR,2026-10-01,516
CSTL,2026-10-08,604
CSTM,2026-10-08,612
CSV,2026-08-19,502
CSWC,2026-10-08,612
CTEV,2026-05-29,507
CTKB,2026-10-08,515
CTLP,2026-05-07,508
CTNM,2026-10-08,561
CTO,2026-10-08,603
CTOS,2026-10-08,612
CTRE,2026-10-08,607
CTRI,2026-10-08,612
CTRN,2026-07-08,509
CTS,2026-07-13,533
CTVA,2026-10-08,506
CUB,2026-07-02,474
CUBE,2026-10-08,612
CUBI,2026-10-08,583
CURB,2026-10-08,508
CUZ,2026-10-08,612
CV,2026-10-01,268
CVBF,2026-10-08,612
CVEO,2026-07-10,504
CVGW,2026-05-11,510
CVI,2026-10-08,612
CVLG,2026-08-10,502
CVLT,2026-10-08,612
CVSA,2026-10-08,592
CWAN,2026-06-23,539
CWBC,2026-07-29,528
CWEN,2026-10-08,612
CWH,2026-10-02,608
CWK,2026-10-08,612
CWST,2026-10-08,612
CWT,2026-10-08,612
CXDO,2026-06-02,519
CXM,2026-10-08,609
CXT,2026-10-08,612
CXW,2026-10-08,612
CYRX,2026-10-08,612
CYTK,2026-10-08,584
CZR,2026-10-08,612
DAKT,2026-10-08,592
DAN,2026-10-08,612
DAR,2026-10-08,596
DAVE,2026-10-06,610
DBD,2026-08-13,549
DBI,2026-10-07,587
DBRG,2026-09-28,604
DBX,2026-10-08,612
DCBO,2026-05-14,501
DCH,2026-10-08,613
DCI,2026-09-21,544
DCO,2026-09-24,529
DCOM,2026-10-08,579
DCTH,2026-10-08,606
DEA,2026-10-08,607
DEC,2026-10-08,612
DEI,2026-10-08,612
DFH,2026-10-08,612
DFIN,2026-08-11,554
DFTX,2026-10-08,612
DGII,2026-10-08,598
DHC,2026-10-08,612
DHT,2026-10-08,612
DIN,2026-10-08,579
DIOD,2026-10-08,612
DJT,2026-10-08,612
DK,2026-10-08,612
DKL,2026-10-01,522
DKNG,2026-10-08,508
DLB,2026-10-08,612
DLO,2026-10-08,612
DLX,2026-10-08,611
DMAC,2026-07-10,507
DMC,2026-10-08,562
DMII,2026-05-13,111
DMLP,2026-08-06,508
DMRA,2026-10-08,605
DMRC,2026-06-05,510
DNA,2026-10-08,612
DNLI,2026-10-08,612
DNOW,2026-10-08,612
DNTH,2026-10-08,612
DOCN,2026-04-29,502
DOCS,2026-10-08,612
DOCU,2026-07-24,561
DOLE,2026-10-08,612
DOO,2026-09-18,542
DORM,2026-08-14,533
DOX,2026-10-08,612
DPC,2026-10-08,74
DPZ,2026-10-05,528
DRDB,2026-05-13,321
DRH,2026-10-08,612
DRS,2026-10-08,525
DRTS,2026-10-08,612
DRUG,2026-07-15,530
DRVN,2026-10-08,612
DSAC,2026-09-25,166
DSGN,2026-10-08,612
DSGR,2026-07-31,511
DSGX,2026-10-08,612
DSP,2026-10-08,566
DUOL,2026-10-08,612
DUOT,2026-09-24,550
DV,2026-10-08,612
DX,2026-10-08,612
DXC,2026-10-08,612
DY,2026-10-08,529
DYN,2026-10-08,612
EAT,2026-10-08,610
EBC,2026-10-08,612
EBS,2026-10-08,602
ECG,2026-10-08,486
ECO,2026-10-08,612
ECPG,2026-09-30,598
ECVT,2026-10-08,612
EE,2026-10-08,598
EEFT,2026-10-08,612
EFC,2026-10-08,612
EFOR,2026-10-08,612
EFSC,2026-10-01,533
EFXT,2026-10-08,612
EGBN,2026-10-08,551
EGO,2026-10-08,581
EGY,2026-10-08,612
EHAB,2026-05-13,512
EHC,2026-06-30,516
EIG,2026-07-06,511
EIKN,2026-10-08,170
ELAN,2026-05-19,503
ELE,2026-10-08,581
ELF,2026-10-08,612
ELMT,2026-10-08,117
ELVA,2026-10-07,611
ELVN,2026-10-08,612
EMBC,2026-10-08,535
EMN,2026-10-08,612
ENGN,2026-05-06,507
ENHA,2026-05-22,11
ENOV,2026-10-08,612
ENPH,2026-10-08,613
ENR,2026-10-08,612
ENS,2026-10-08,605
ENSG,2026-10-08,553
ENTA,2026-10-08,517
ENVA,2026-10-08,574
ENVX,2026-07-15,554
EOLS,2026-10-08,612
EOSE,2026-07-06,547
EPAC,2026-10-08,604
EPAM,2026-10-08,612
EPC,2026-10-08,612
EPR,2026-10-08,612
EPRT,2026-10-08,612
EPRX,2026-10-08,582
EQPT,2026-10-08,179
ERAS,2026-10-08,612
ERIE,2026-07-23,502
ERII,2026-10-08,612
ERO,2026-10-08,612
EROC,2026-10-08,84
EROK,2026-07-09,38
ESAB,2026-10-08,612
ESE,2026-09-29,541
ESI,2026-10-08,581
ESNT,2026-10-08,612
ESRT,2026-07-31,566
ESTA,2026-10-08,610
ESTC,2026-10-07,611
ETD,2026-10-08,611
ETON,2026-10-08,612
ETOR,2026-10-08,352
ETRA,2026-10-08,15
ETSY,2026-10-08,612
EVAC,2026-05-05,176
EVC,2026-10-08,606
EVER,2026-10-08,612
EVH,2026-07-22,520
EVLV,2026-09-18,599
EVMN,2026-09-29,222
EVR,2026-10-01,506
EVTC,2026-10-08,605
EWCZ,2026-05-07,505
EWTX,2026-10-08,612
EXK,2026-10-08,612
EXLS,2026-10-08,612
EXP,2026-10-08,612
EXPI,2026-05-06,507
EXPO,2026-10-08,612
EXTR,2026-10-08,612
EYE,2026-10-08,612
EYPT,2026-08-25,583
EZPW,2026-10-08,612
FA,2026-10-08,612
FAC,2026-10-08,306
FAF,2026-10-08,612
FBIN,2026-10-08,612
FBK,2026-10-08,585
FBNC,2026-09-28,527
FBP,2026-10-08,612
FBRT,2026-10-08,612
FBRX,2026-08-26,551
FBYD,2026-07-10,507
FCBM,2026-10-01,73
FCEL,2026-10-08,614
FCF,2026-10-08,612
FCFS,2026-10-08,611
FCN,2026-10-08,609
FCPT,2026-10-08,612
FDMT,2026-10-08,612
FDP,2026-06-25,535
FDS,2026-10-07,600
FDUS,2026-10-08,584
FEIM,2026-10-08,542
FELE,2026-10-08,562
FENC,2026-09-11,540
FFBC,2026-10-08,612
FFIN,2026-10-08,612
FG,2026-10-08,612
FHB,2026-10-08,612
FHI,2026-10-08,612
FHTX,2026-09-02,526
FIBK,2026-10-08,612
FIG,2026-06-30,230
FIGR,2026-10-08,269
FIGS,2026-10-08,612
FIHL,2026-05-08,509
FIP,2026-05-07,508
FISI,2026-07-02,503
FISN,2026-10-06,76
FIVE,2026-07-08,506
FIVN,2026-10-08,612
FIZZ,2026-10-08,595
FLG,2026-10-08,612
FLGT,2026-10-08,584
FLNC,2026-10-08,614
FLNG,2026-10-05,594
FLO,2026-10-08,612
FLOC,2026-10-08,432
FLR,2026-10-08,612
FLS,2026-10-08,600
FLY,2026-10-08,293
FLYW,2026-10-08,612
FMC,2026-10-08,612
FMNB,2026-10-08,607
FNB,2026-10-08,612
FND,2026-10-08,612
FNKO,2026-10-08,594
FNRN,2026-06-18,501
FORM,2026-09-21,578
FOSL,2026-10-08,545
FOUR,2026-10-08,612
FOXF,2026-10-08,612
FPI,2026-10-08,609
FPS,2026-09-15,153
FR,2026-10-08,612
FRBT,2026-06-25,10
FRME,2026-10-08,612
FRMI,2026-09-21,243
FRNM,2026-10-08,540
FRO,2026-09-01,587
FROG,2026-07-31,551
FRPT,2026-10-08,612
FRSH,2026-10-08,612
FRST,2026-07-10,522
FRT,2026-10-08,537
FRVO,2026-10-08,103
FSBC,2026-08-05,507
FSK,2026-10-08,612
FSLY,2026-10-08,614
FSM,2026-10-08,612
FSS,2026-10-08,612
FSUN,2026-10-08,553
FSV,2026-08-05,516
FTDR,2026-10-08,612
FTH,2026-10-07,552
FTK,2026-10-08,595
FTRE,2026-10-08,612
FUBO,2026-10-08,613
FUL,2026-10-08,612
FULC,2026-06-01,524
FULT,2026-10-08,612
FUN,2026-10-08,613
FVCB,2026-06-29,511
FVR,2026-10-05,477
FVRR,2026-10-08,612
FWDI,2026-10-08,539
FWRD,2026-10-08,607
FWRG,2026-10-08,612
FXHO,2026-08-12,501
G,2026-10-08,612
GAIN,2026-05-28,522
GALT,2026-07-13,500
GAP,2026-10-08,613
GATX,2026-10-05,518
GBCI,2026-10-08,612
GBDC,2026-10-08,612
GBTG,2026-09-25,603
GBX,2026-10-08,612
GCMG,2026-10-08,612
GCT,2026-10-08,612
GDDY,2026-06-22,507
GDEN,2026-04-29,502
GDOT,2026-10-08,605
GDYN,2026-10-08,612
GEF,2026-10-08,535
GEL,2026-10-05,559
GEMI,2026-10-01,265
GENB,2026-10-08,155
GENI,2026-10-08,597
GEO,2026-10-08,612
GFF,2026-10-08,604
GFR,2026-10-08,550
GFUZ,2026-08-06,214
GHM,2026-07-29,526
GHRS,2026-10-08,554
GIII,2026-10-08,612
GIL,2026-10-08,564
GILT,2026-10-08,612
GKOS,2026-10-08,589
GLAS,2026-10-07,568
GLBE,2026-10-08,612
GLIBK,2026-10-08,304
GLNG,2026-10-08,612
GLOB,2026-10-08,612
GLUE,2026-10-08,612
GLXY,2026-10-08,315
GME,2026-09-09,582
GMED,2026-10-08,524
GMRS,2026-10-08,103
GNK,2026-10-08,587
GNL,2026-10-08,612
GNTX,2026-10-08,612
GNW,2026-10-08,612
GO,2026-10-08,612
GOLD,2026-10-08,612
GOLF,2026-10-08,599
GOOD,2026-10-08,612
GOOS,2026-10-08,612
GPAT,2026-06-11,488
GPGI,2026-10-08,612
GPI,2026-10-08,508
GPK,2026-10-08,612
GPOR,2026-10-01,574
GPRE,2026-10-08,612
GPRK,2026-10-08,612
GRAL,2026-10-08,581
GRBK,2026-10-08,541
GRC,2026-04-29,501
GRDN,2026-10-08,508
GRND,2026-10-08,612
GRNT,2026-09-15,559
GRPN,2026-10-08,612
GRRR,2026-10-08,612
GSBD,2026-10-08,612
GSHD,2026-10-08,609
GSIT,2026-06-12,527
GSL,2026-10-08,571
GT,2026-10-01,607
GTES,2026-10-08,612
GTLB,2026-10-08,612
GTLS,2026-07-06,547
GTM,2026-05-11,510
GTN,2026-08-25,522
GTX,2026-10-08,612
GTY,2026-10-08,612
GVA,2026-10-08,612
GWRE,2026-06-25,511
GXO,2026-10-08,612
HAE,2026-10-08,612
HAFC,2026-08-05,528
HAFN,2026-10-08,612
HALO,2026-08-05,569
HAPN,2026-10-08,574
HASI,2026-10-08,612
HAWK,2026-10-08,107
HAYW,2026-10-08,612
HBM,2026-07-29,553
HBNC,2026-10-08,597
HBT,2026-07-02,505
HCC,2026-10-08,612
HCKT,2026-06-01,500
HCSG,2026-10-08,612
HE,2026-10-08,612
HELE,2026-10-08,610
HESM,2026-10-08,612
HFWA,2026-10-08,580
HG,2026-10-08,612
HGTY,2026-10-08,520
HGV,2026-10-08,612
HHH,2026-10-08,612
HIMS,2026-10-08,614
HIW,2026-10-08,612
HL,2026-07-31,524
HLF,2026-10-08,612
HLI,2026-10-08,590
HLIO,2026-10-08,583
HLIT,2026-10-08,612
HLMN,2026-10-08,612
HLNE,2026-10-08,612
HLX,2026-08-31,586
HMH,2026-07-10,69
HMN,2026-10-08,535
HNGE,2026-10-08,345
HNI,2026-10-08,612
HNRG,2026-10-08,612
HNST,2026-10-06,542
HOG,2026-10-08,612
HOMB,2026-10-08,612
HOPE,2026-10-08,612
HOS,2026-10-08,524
HP,2026-10-08,612
HPK,2026-10-08,612
HPP,2026-10-08,612
HQ,2026-09-30,134
HQY,2026-10-08,612
HR,2026-10-08,612
HRB,2026-10-08,612
HRI,2026-10-08,612
HRMY,2026-10-08,612
HROW,2026-10-08,612
HRTG,2026-10-01,583
HRZN,2026-08-19,505
HSHP,2026-10-08,592
HSIC,2026-10-08,612
HSTM,2026-05-21,508
HTFL,2026-10-08,291
HTGC,2026-10-08,612
HTH,2026-10-08,562
HTLD,2026-10-08,612
HTO,2026-10-08,612
HTZ,2026-06-23,539
HUBG,2026-10-08,612
HUBS,2026-09-29,534
HUN,2026-10-08,612
HURN,2026-10-01,544
HUT,2026-10-08,531
HVMC,2026-08-26,225
HWC,2026-10-08,612
HXL,2026-10-08,612
HYMC,2026-10-08,612
HZO,2026-10-08,595
IA,2026-09-23,518
IAC,2026-06-02,525
IAG,2026-08-06,567
IART,2026-10-08,612
IBOC,2026-10-08,574
IBP,2026-10-08,603
IBRX,2026-10-01,609
IBTA,2026-08-19,512
ICFI,2026-07-16,542
ICHR,2026-10-08,612
ICL,2026-10-07,611
ICLR,2026-05-27,521
ICUI,2026-08-20,548
IDA,2026-10-08,612
IDCC,2026-08-11,554
IDT,2026-10-08,524
IDYA,2026-10-08,612
IEP,2026-10-08,613
IFS,2026-08-25,551
IHRT,2026-05-27,520
IHS,2026-10-08,612
IIIN,2026-08-05,540
IIIV,2026-10-08,597
IIPR,2026-10-08,601
ILPT,2026-10-08,597
IMAX,2026-10-08,612
IMMX,2026-10-08,612
IMNM,2026-10-08,612
IMRX,2026-09-03,559
IMSR,2026-09-10,479
IMTX,2026-10-08,609
IMVT,2026-10-08,612
IMXI,2026-10-08,607
INBX,2026-09-21,559
INDB,2026-10-08,590
INDI,2026-06-02,505
INDV,2026-10-08,612
INFQ,2026-10-08,163
INGM,2026-10-08,488
INGR,2026-10-08,612
INMD,2026-10-08,612
INN,2026-10-08,609
INNV,2026-10-08,569
INOD,2026-10-08,613
INR,2026-10-05,392
INSG,2026-05-07,501
INSP,2026-10-08,612
INSW,2026-10-08,612
INTA,2026-10-08,612
INTR,2026-10-08,612
INV,2026-07-10,550
INVA,2026-10-08,612
INVX,2026-10-08,612
IOND,2026-10-08,52
IONS,2026-10-08,560
IOVA,2026-10-08,552
IPAR,2026-07-21,517
IPFX,2026-06-24,26
IPGP,2026-10-08,612
IPI,2026-07-01,501
IRD,2026-09-28,527
IRDM,2026-10-08,612
IRON,2026-10-08,612
IRT,2026-10-08,612
IRTC,2026-10-08,612
ISSC,2026-08-06,560
ISTR,2026-07-02,502
IT,2026-07-24,543
ITG,2026-10-08,70
ITGR,2026-10-08,612
ITRI,2026-10-08,612
IVR,2026-10-08,612
IVT,2026-10-08,612
JACK,2026-09-04,541
JAN,2026-10-08,140
JANX,2026-10-08,612
JBGS,2026-10-08,612
JBI,2026-09-04,590
JBIO,2026-10-08,612
JBLU,2026-08-25,569
JBS,2026-06-01,242
JBTM,2026-10-08,612
JCAP,2026-08-31,296
JEF,2026-06-29,510
JHG,2026-06-30,544
JILL,2026-09-21,502
JJSF,2026-08-19,531
JKHY,2026-10-02,537
JMKE,2026-10-08,50
JOBY,2026-10-08,605
JOE,2026-10-01,538
JXN,2026-10-08,612
KALU,2026-08-05,531
KALV,2026-06-10,531
KARD,2026-10-08,78
KBDC,2026-10-08,572
KBH,2026-10-08,613
KBR,2026-10-08,612
KD,2026-10-08,612
KDK,2026-07-09,197
KEEL,2026-07-01,525
KELYA,2026-10-01,598
KEX,2026-10-08,612
KFRC,2026-09-14,530
KFY,2026-10-08,610
KGS,2026-10-08,612
KIDS,2026-08-14,501
KLAR,2026-10-08,270
KLC,2026-08-10,459
KLIC,2026-10-08,612
KLRA,2026-10-08,121
KMPR,2026-10-08,612
KMT,2026-10-08,612
KMTS,2026-10-08,384
KMX,2026-10-08,612
KN,2026-10-08,612
KNF,2026-10-08,612
KNSA,2026-10-08,612
KNSL,2026-08-10,548
KNTK,2026-10-08,612
KNX,2026-05-13,502
KOD,2026-10-08,612
KODK,2026-10-08,612
KOPN,2026-08-21,542
KPLT,2026-09-25,505
KRC,2026-10-08,612
KREF,2026-10-08,612
KRG,2026-10-08,612
KRMN,2026-10-08,413
KRNT,2026-10-08,551
KRNY,2026-10-08,612
KRO,2026-10-08,591
KRP,2026-10-08,612
KRUS,2026-09-28,556
KRYS,2026-10-01,547
KSS,2026-10-08,612
KTB,2026-10-08,612
KTOS,2026-10-08,574
KURA,2026-10-08,613
KVYO,2026-10-08,612
KW,2026-06-12,533
KYIV,2026-10-08,455
KYMR,2026-10-08,612
KYTX,2026-10-08,612
LAC,2026-06-03,521
LAD,2026-10-08,572
LADR,2026-10-08,612
LAND,2026-10-08,612
LAR,2026-10-08,612
LASR,2026-10-08,612
LAUR,2026-10-08,612
LAZ,2026-10-08,612
LB,2026-09-02,534
LBRDA,2026-08-19,509
LBRDK,2026-08-19,579
LBRT,2026-10-08,612
LBRX,2026-10-08,246
LBTYA,2026-10-08,612
LBTYK,2026-10-08,612
LC,2026-06-18,537
LCID,2026-08-27,585
LCII,2026-10-08,582
LCLN,2026-10-08,98
LE,2026-07-22,523
LEA,2026-10-08,612
LEG,2026-08-25,583
LENZ,2026-05-11,504
LEU,2026-10-08,612
LEVI,2026-10-08,612
LFST,2026-10-08,612
LFTO,2026-10-08,88
LFUS,2026-07-28,501
LGIH,2026-10-08,588
LGN,2026-10-08,268
LGND,2026-10-02,540
LIF,2026-10-08,585
LIFE,2026-10-08,175
LILA,2026-10-06,602
LILAK,2026-10-08,612
LIME,2026-10-08,70
LINC,2026-10-08,612
LIND,2026-10-08,612
LINE,2026-10-08,552
LION,2026-10-08,612
LIVN,2026-10-08,612
LKFN,2026-07-10,508
LKQ,2026-10-08,612
LLYVA,2026-07-10,538
LLYVK,2026-10-08,587
LMAT,2026-09-03,569
LMB,2026-09-28,568
LMND,2026-10-08,612
LMRI,2026-10-08,207
LNC,2026-10-08,612
LNTH,2026-10-08,612
LOAR,2026-10-08,612
LOB,2026-07-10,513
LOCO,2026-08-18,553
LOKV,2026-06-11,276
LOPE,2026-10-08,584
LPG,2026-10-08,612
LPTH,2026-10-08,613
LPX,2026-10-08,612
LQDA,2026-10-08,612
LRN,2026-10-08,612
LSPD,2026-10-08,612
LSTR,2026-10-08,612
LTBR,2026-08-27,573
LTC,2026-10-08,612
LTGO,2026-10-08,44
LTH,2026-10-08,612
LTRX,2026-10-08,519
LUMN,2026-10-08,608
LUNR,2026-10-08,614
LW,2026-10-08,612
LWAY,2026-07-10,504
LWLG,2026-10-08,613
LXEO,2026-08-26,545
LXFR,2026-10-08,544
LXP,2026-10-08,611
LXU,2026-10-08,612
LYEL,2026-07-10,508
LYFT,2026-10-08,612
LYNX,2026-10-08,36
LYTS,2026-10-08,588
LZ,2026-10-08,612
LZB,2026-10-08,609
LZM,2026-06-03,522
M,2026-10-08,612
MAAS,2026-10-07,522
MAC,2026-10-08,612
MAGN,2026-10-08,612
MAIN,2026-10-08,612
MAIR,2026-06-24,48
MAMA,2026-10-08,612
MAN,2026-10-08,612
MANE,2026-10-08,171
MANH,2026-07-28,563
MANU,2026-10-08,583
MARA,2026-10-08,614
MASI,2026-06-08,529
MASS,2026-10-08,582
MAT,2026-10-08,612
MATV,2026-10-08,609
MATW,2026-10-08,567
MATX,2026-10-01,550
MAX,2026-10-08,612
MAZE,2026-10-08,422
MBAV,2026-07-10,450
MBC,2026-10-08,612
MBGL,2026-10-08,73
MBI,2026-07-10,539
MBIN,2026-09-21,502
MBLY,2026-10-08,613
MBUU,2026-09-11,553
MBX,2026-10-08,517
MC,2026-10-08,612
MCFT,2026-09-29,510
MCHB,2026-10-08,612
MCS,2026-08-14,525
MCW,2026-05-18,515
MCY,2026-10-08,546
MD,2026-10-08,612
MDA,2026-10-08,146
MDU,2026-10-08,612
MEC,2026-10-08,602
MEG,2026-04-29,502
MEI,2026-10-08,609
MEOH,2026-10-08,612
MESH,2026-09-21,161
METC,2026-10-08,612
MEVO,2026-09-11,142
MFA,2026-10-08,612
MFIC,2026-10-08,594
MFP,2026-10-08,73
MG,2026-10-08,533
MGEE,2026-07-10,539
MGM,2026-10-08,538
MGNI,2026-10-08,612
MGRC,2026-07-02,515
MGTX,2026-10-08,612
MGY,2026-10-08,612
MH,2026-10-08,303
MHK,2026-10-08,612
MHO,2026-07-08,515
MIAX,2026-10-08,288
MICC,2026-06-01,120
MIDD,2026-10-08,611
MIR,2026-10-08,612
MIRM,2026-10-08,612
MITK,2026-10-08,612
MKTX,2026-10-08,612
MLAA,2026-05-29,50
MLI,2026-06-29,499
MLKN,2026-10-08,613
MLTX,2026-10-08,612
MLYS,2026-10-08,612
MMED,2026-10-08,150
MMI,2026-06-05,510
MMS,2026-10-08,612
MMSI,2026-10-08,612
MMYT,2026-10-08,612
MNDY,2026-10-08,612
MNPR,2026-08-11,510
MNR,2026-10-08,588
MNRO,2026-10-08,612
MNTN,2026-10-08,345
MOBI,2026-10-01,101
MOD,2026-10-08,534
MOH,2026-10-02,538
MORN,2026-10-01,599
MOS,2026-10-08,612
MOV,2026-07-02,522
MOVE,2026-09-14,522
MP,2026-10-08,584
MPLT,2026-10-08,237
MPT,2026-06-08,529
MQ,2026-10-08,568
MRAM,2026-10-08,612
MRCY,2026-10-08,612
MRLN,2026-07-02,396
MRP,2026-10-08,419
MRTN,2026-10-08,612
MRVI,2026-10-08,586
MRX,2026-10-08,612
MSA,2026-08-18,559
MSDL,2026-10-08,612
MSEX,2026-07-10,502
MSGE,2026-10-08,608
MSGS,2026-10-07,531
MSIF,2026-08-20,370
MSM,2026-10-08,612
MTCH,2026-10-08,612
MTDR,2026-10-08,612
MTG,2026-10-08,612
MTH,2026-10-08,612
MTN,2026-10-08,612
MTRN,2026-10-08,572
MTRX,2026-10-08,535
MTUS,2026-10-08,601
MTW,2026-10-08,556
MTX,2026-08-13,532
MUR,2026-10-08,612
MUSA,2026-09-10,531
MUX,2026-10-08,612
MWA,2026-10-08,612
MWH,2026-10-08,165
MX,2026-06-04,505
MXL,2026-10-08,612
MYE,2026-10-05,579
MYGN,2026-07-30,531
MYRG,2026-09-10,554
MZTI,2026-10-08,598
MZYX,2026-05-14,18
NABL,2026-08-04,514
NAMS,2026-10-08,612
NAT,2026-10-08,612
NATL,2026-10-08,612
NAVI,2026-10-08,612
NAVN,2026-10-08,234
NB,2026-08-14,551
NBBK,2026-10-01,564
NBHC,2026-10-08,600
NBR,2026-08-11,547
NBTB,2026-10-08,588
NCDL,2026-06-29,502
NCLH,2026-10-08,614
NCNO,2026-10-08,612
NE,2026-10-08,612
NEO,2026-10-08,612
NEOG,2026-10-08,612
NESR,2026-10-08,564
NEWT,2026-09-08,520
NEXA,2026-10-08,612
NEXN,2026-10-08,584
NEXT,2026-10-08,613
NFBK,2026-07-17,530
NFG,2026-10-08,612
NGL,2026-08-18,537
NGNE,2026-10-05,528
NGVT,2026-10-01,524
NHI,2026-10-08,608
NHIC,2026-06-08,286
NHP,2026-10-08,118
NIC,2026-07-10,516
NIQ,2026-10-08,304
NJR,2026-10-08,612
NKLR,2026-08-14,216
NKTR,2026-10-08,612
NMAX,2026-10-08,382
NMFC,2026-10-08,612
NMIH,2026-10-08,612
NMRK,2026-10-08,612
NN,2026-10-08,612
NNE,2026-10-08,605
NNN,2026-10-08,612
NNNN,2026-09-23,400
NOG,2026-10-08,612
NOMD,2026-10-08,612
NOV,2026-10-08,612
NOVT,2026-10-08,609
NP,2026-10-08,255
NPAC,2026-07-30,282
NPB,2026-10-01,360
NPCE,2026-08-11,506
NPKI,2026-10-08,612
NPO,2026-07-13,511
NRDS,2026-10-08,612
NRGV,2026-06-08,524
NRIX,2026-10-08,612
NSA,2026-07-20,557
NSIT,2026-10-06,598
NSLR,2026-07-01,501
NSP,2026-10-08,608
NSSC,2026-10-08,589
NTCT,2026-10-08,612
NTGR,2026-10-08,608
NTLA,2026-10-08,612
NTSK,2026-10-08,264
NTST,2026-10-08,612
NUAI,2026-10-07,585
NUCL,2026-06-23,82
NUS,2026-05-14,513
NUVB,2026-10-02,584
NUVL,2026-07-14,553
NVAX,2026-10-08,612
NVCR,2026-10-08,612
NVCT,2026-07-17,516
NVEC,2026-08-05,517
NVGS,2026-10-08,609
NVRI,2026-10-06,600
NVST,2026-10-08,612
NVTS,2026-10-08,614
NWAX,2026-09-17,163
NWBI,2026-10-08,612
NWE,2026-10-08,612
NWL,2026-10-08,577
NWN,2026-10-01,536
NWSA,2026-06-01,500
NX,2026-10-08,602
NXE,2026-10-08,612
NXRT,2026-10-08,559
NXST,2026-10-08,607
NYT,2026-09-23,501
OABI,2026-09-02,501
OBDC,2026-10-08,612
OBIO,2026-10-02,529
OBX,2026-10-08,53
OC,2026-10-08,558
OCFC,2026-10-08,612
OCS,2026-10-08,584
OCSL,2026-10-08,612
OCTV,2026-10-08,97
OCUL,2026-10-08,612
ODD,2026-10-08,612
ODTX,2026-10-01,101
OEC,2026-10-08,612
OFG,2026-10-01,558
OFIX,2026-10-08,600
OFRM,2026-10-08,169
OGC,2026-10-08,598
OGE,2026-10-08,602
OGN,2026-10-08,612
OGS,2026-10-08,612
OI,2026-10-08,612
OIG,2026-10-08,15
OII,2026-10-08,612
OIS,2026-10-08,612
OKLO,2026-10-08,590
OLED,2026-10-08,612
OLLI,2026-10-08,612
OLMA,2026-10-08,612
OLN,2026-10-08,612
OMCL,2026-10-08,612
OMDA,2026-10-08,335
OMER,2026-10-08,612
OMF,2026-10-08,612
ONB,2026-10-08,587
ONDS,2026-10-08,614
ONON,2026-10-01,529
ONT,2026-10-08,599
OOMA,2026-10-08,599
OPCH,2026-10-08,612
OPEN,2026-07-09,525
OPFI,2026-10-08,612
OPLN,2026-10-08,612
OPRT,2026-10-08,541
OPTX,2026-10-08,589
OR,2026-10-08,612
ORA,2026-10-08,612
ORC,2026-10-08,613
ORI,2026-10-08,576
ORIC,2026-10-08,612
ORKA,2026-10-08,612
ORN,2026-10-08,607
OSBC,2026-10-08,610
OSCR,2026-10-08,612
OSG,2026-06-29,502
OSIS,2026-09-04,533
OSK,2026-10-08,612
OSPN,2026-10-08,612
OSS,2026-08-19,573
OSW,2026-10-08,612
OTEX,2026-10-08,612
OTF,2026-10-08,331
OTTR,2026-09-30,524
OUST,2026-10-08,612
OUT,2026-10-08,612
OXM,2026-10-08,584
OZK,2026-10-08,612
PACK,2026-08-27,582
PACS,2026-10-08,612
PAGP,2026-10-08,612
PAGS,2026-10-08,612
PAHC,2026-09-03,549
PANL,2026-10-08,612
PAR,2026-10-08,612
PARR,2026-10-08,612
PATH,2026-10-08,614
PATK,2026-10-08,612
PAVS,2026-06-26,499
PAX,2026-10-08,612
PAY,2026-10-08,612
PAYC,2026-10-07,603
PAYO,2026-10-08,605
PAYS,2026-10-08,612
PB,2026-10-08,612
PBF,2026-10-07,611
PBH,2026-10-08,612
PBI,2026-10-08,612
PBLS,2026-10-08,84
PBT,2026-05-21,501
PBYI,2026-10-08,578
PCAP,2026-07-07,246
PCOR,2026-10-08,612
PCRX,2026-10-08,612
PCT,2026-09-25,603
PCTY,2026-10-08,612
PCVX,2026-10-08,612
PD,2026-10-08,612
PDFS,2026-10-08,612
PDM,2026-10-08,612
PDYN,2026-08-27,552
PEB,2026-10-08,612
PEBO,2026-10-08,556
PECO,2026-10-08,612
PEGA,2026-10-08,612
PENG,2026-10-08,612
PENN,2026-10-08,612
PERI,2026-09-29,573
PESI,2026-10-06,563
PFLT,2026-10-08,612
PFS,2026-10-08,612
PFSI,2026-10-08,612
PGC,2026-07-10,502
PGEN,2026-10-08,574
PGNY,2026-10-08,612
PGY,2026-10-08,612
PHAT,2026-10-08,612
PHIN,2026-10-08,590
PHR,2026-10-08,612
PHVS,2026-10-08,606
PI,2026-10-08,609
PICS,2026-10-08,175
PII,2026-10-08,612
PIPR,2026-10-08,612
PJT,2026-10-08,612
PK,2026-10-08,612
PKE,2026-09-21,549
PKST,2026-05-04,505
PL,2026-10-08,578
PLAB,2026-10-08,612
PLAY,2026-09-08,591
PLBL,2026-09-10,257
PLGO,2026-10-08,599
PLMR,2026-07-23,533
PLNT,2026-10-08,612
PLOW,2026-08-14,539
PLSE,2026-10-08,595
PLUS,2026-08-11,527
PLXS,2026-08-12,557
PMT,2026-10-08,612
PN,2026-07-30,354
PNR,2026-10-08,535
PNTG,2026-10-08,556
PODD,2026-10-08,558
POET,2026-10-08,614
POOL,2026-10-08,612
POR,2026-10-08,612
POST,2026-10-08,611
POWI,2026-10-08,612
POWL,2026-10-08,590
PPC,2026-10-08,612
PPHC,2026-10-01,171
PPLI,2026-10-08,577
PPTA,2026-10-08,612
PRA,2026-06-24,540
PRAA,2026-10-08,610
PRAX,2026-10-08,595
PRCH,2026-10-08,612
PRCT,2026-10-08,612
PRDO,2026-10-08,612
PRE,2026-09-09,538
PRG,2026-10-08,612
PRGO,2026-10-08,612
PRGS,2026-10-08,612
PRIM,2026-10-08,612
PRKS,2026-10-08,612
PRLB,2026-09-29,516
PRLD,2026-09-09,540
PRM,2026-10-08,612
PRMB,2026-10-08,612
PRSU,2026-07-13,513
PRTA,2026-10-08,612
PRTH,2026-10-08,586
PRVA,2026-10-08,612
PSBD,2026-07-09,501
PSFE,2026-09-29,570
PSIX,2026-10-08,610
PSKY,2026-08-07,516
PSMT,2026-08-10,524
PSN,2026-10-08,612
PSNL,2026-10-08,611
PSQL,2026-10-08,176
PSTL,2026-10-01,577
PSUS,2026-10-01,108
PTCT,2026-10-08,612
PTEN,2026-10-08,612
PTGX,2026-10-08,612
PTLO,2026-08-14,511
PTON,2026-10-05,605
PTRN,2026-10-08,263
PUBM,2026-10-08,612
PUMP,2026-10-08,612
PURR,2026-10-08,213
PVH,2026-10-08,612
PVLA,2026-07-10,520
PWP,2026-10-08,612
PWRL,2026-06-29,23
PZZA,2026-10-08,612
QBTS,2026-10-08,606
QDEL,2026-10-08,612
QGEN,2026-10-08,612
QLYS,2026-10-08,612
QMCO,2026-10-08,570
QNST,2026-10-08,612
QRVO,2026-10-01,600
QS,2026-09-21,601
QTTB,2026-09-21,555
QTWO,2026-10-08,612
QUAD,2026-10-01,553
QUBT,2026-10-08,614
QUIK,2026-07-01,540
QURE,2026-10-08,612
QVCG,2026-10-01,38
R,2026-08-10,538
RAL,2026-10-08,323
RAMP,2026-10-08,612
RAPP,2026-10-08,563
RARE,2026-10-08,613
RBB,2026-07-02,505
RCAT,2026-10-08,614
RCEL,2026-10-08,528
RCUS,2026-10-08,612
RDN,2026-10-08,612
RDNT,2026-10-08,612
RDVT,2026-08-20,510
RDW,2026-10-08,614
RDWR,2026-10-08,527
REAL,2026-10-08,612
REAX,2026-10-08,507
REF,2026-10-08,50
RELL,2026-08-06,503
RELY,2026-10-08,612
REPL,2026-10-08,601
RES,2026-10-08,612
REX,2026-10-01,507
REXR,2026-10-08,612
REYN,2026-10-08,612
REZI,2026-10-08,612
RFAI,2026-09-03,509
RGC,2026-07-24,520
RGEN,2026-10-06,602
RGNX,2026-10-08,612
RGR,2026-09-30,501
RGTI,2026-10-08,614
RH,2026-10-08,612
RHI,2026-10-08,612
RHP,2026-10-08,612
RIG,2026-10-08,613
RIGL,2026-09-01,586
RILY,2026-08-13,555
RIOT,2026-10-08,603
RITM,2026-10-08,612
RJET,2026-07-08,505
RLAY,2026-10-08,612
RLI,2026-10-08,612
RLJ,2026-10-08,612
RLMD,2026-08-06,570
RMAX,2026-08-21,573
RMBS,2026-09-18,530
RMIX,2026-10-08,131
RMNI,2026-09-04,520
RNAC,2026-07-02,503
RNG,2026-10-08,612
RNGR,2026-08-10,518
RNST,2026-10-08,612
RNW,2026-10-08,612
ROAD,2026-10-08,612
ROCK,2026-10-08,589
ROG,2026-10-08,550
ROOT,2026-08-21,537
RPC,2026-10-08,612
RPD,2026-10-08,612
RRC,2026-10-08,606
RRR,2026-10-08,612
RRX,2026-09-18,503
RSI,2026-10-08,612
RSKD,2026-10-08,576
RTAC,2026-09-23,324
RUM,2026-10-08,613
RUN,2026-10-08,614
RUSHA,2026-10-08,612
RUSHB,2026-09-30,508
RVLV,2026-10-08,612
RVTY,2026-05-04,505
RWT,2026-07-22,551
RXO,2026-10-08,612
RXST,2026-08-31,506
RXT,2026-08-04,544
RYAM,2026-10-08,612
RYAN,2026-10-08,566
RYN,2026-10-08,612
RYTM,2026-10-08,612
RYZ,2026-10-08,607
RZLT,2026-08-26,528
S,2026-10-08,613
SA,2026-10-08,612
SAC,2026-09-24,167
SAFE,2026-10-08,582
SAFT,2026-08-10,510
SAH,2026-10-08,557
SAIA,2026-10-08,548
SAIC,2026-10-08,612
SAIL,2026-09-11,373
SAM,2026-10-01,563
SANM,2026-08-24,509
SAR,2026-07-21,505
SARO,2026-10-08,504
SATL,2026-10-08,594
SB,2026-10-08,612
SBCF,2026-10-08,612
SBET,2026-10-08,612
SBGI,2026-10-08,612
SBH,2026-10-08,612
SBLK,2026-10-08,612
SBRA,2026-10-08,612
SCHL,2026-10-08,590
SCI,2026-06-18,510
SCSC,2026-09-21,526
SCTX,2026-10-08,53
SCVL,2026-06-10,524
SCZM,2026-10-08,612
SD,2026-10-08,596
SDGR,2026-10-08,612
SDRL,2026-10-08,612
SECZ,2026-10-08,69
SEDG,2026-10-08,612
SEI,2026-10-08,612
SEM,2026-06-30,544
SENS,2026-10-08,573
SEPN,2026-10-08,481
SERV,2026-08-27,573
SEZL,2026-10-08,612
SFBS,2026-10-08,567
SFD,2026-10-08,399
SFL,2026-10-08,612
SFM,2026-10-08,612
SFNC,2026-10-08,612
SG,2026-10-08,612
SGHC,2026-10-08,612
SGHT,2026-10-08,523
SGML,2026-10-08,612
SGMT,2026-10-08,611
SGRY,2026-10-08,612
SHAK,2026-10-08,612
SHAZ,2026-10-08,162
SHBI,2026-06-30,503
SHC,2026-10-08,612
SHEN,2026-10-08,601
SHIP,2026-10-08,547
SHLS,2026-10-08,612
SHMD,2026-08-18,553
SHO,2026-10-08,612
SHOE,2026-10-08,580
SHOO,2026-10-08,612
SIBN,2026-10-08,612
SIDU,2026-05-28,504
SIG,2026-10-08,612
SIGI,2026-10-08,611
SILA,2026-06-30,512
SION,2026-09-17,390
SIRI,2026-10-08,595
SITE,2026-10-08,612
SKE,2026-10-08,612
SKT,2026-10-08,612
SKWD,2026-10-08,612
SKY,2026-10-08,612
SKYD,2026-10-07,501
SKYT,2026-07-30,565
SKYW,2026-10-05,593
SLAB,2026-10-08,595
SLDB,2026-10-08,612
SLDE,2026-10-08,327
SLG,2026-10-08,612
SLGN,2026-10-08,612
SLM,2026-10-08,612
SLNO,2026-05-15,514
SLP,2026-10-05,552
SLRC,2026-10-08,607
SLS,2026-10-08,609
SLVM,2026-10-08,580
SM,2026-10-08,612
SMA,2026-10-08,380
SMG,2026-10-08,611
SMMT,2026-08-20,501
SMPL,2026-10-08,612
SMR,2026-10-08,614
SMTC,2026-07-29,510
SMTI,2026-09-11,530
SMWB,2026-10-08,578
SNAP,2026-10-08,583
SNCY,2026-05-12,511
SNDA,2026-10-08,612
SNDR,2026-10-08,612
SNDX,2026-10-08,612
SNEX,2026-10-08,605
SOBO,2026-10-08,503
SOC,2026-09-11,564
SOLS,2026-10-08,242
SON,2026-10-08,612
SONO,2026-10-08,612
SOPH,2026-10-08,577
SOUN,2026-10-08,614
SPB,2026-10-08,596
SPCE,2026-06-11,507
SPH,2026-07-02,510
SPHR,2026-10-08,612
SPIR,2026-10-08,612
SPNT,2026-10-08,612
SPRY,2026-09-10,593
SPSC,2026-10-08,612
SPT,2026-10-08,612
SPTX,2026-10-01,106
SPXC,2026-10-08,543
SPY,2026-10-08,614
SR,2026-10-08,612
SRAD,2026-10-08,612
SRPT,2026-10-08,612
SRRK,2026-10-08,612
SRTA,2026-09-30,603
SRZN,2026-10-08,515
SSB,2026-10-08,577
SSD,2026-10-01,576
SSMR,2026-10-06,86
SSRM,2026-10-08,612
SSSS,2026-06-12,519
SSTK,2026-07-13,537
SSYS,2026-10-08,612
ST,2026-10-08,612
STAA,2026-10-08,612
STAG,2026-10-08,612
STBA,2026-10-01,534
STC,2026-10-08,528
STDN,2026-10-08,60
STEL,2026-06-30,520
STEP,2026-10-08,612
STGW,2026-10-08,612
STKL,2026-04-29,502
STLN,2026-10-08,540
STN,2026-10-08,603
STNE,2026-10-08,612
STNG,2026-10-08,612
STOK,2026-10-08,612
STRA,2026-10-01,559
STRO,2026-08-25,553
STRZ,2026-10-08,357
STTK,2026-10-08,604
STUB,2026-10-08,265
STVN,2026-09-29,591
STWD,2026-10-08,612
SUJA,2026-10-01,102
SUN,2026-06-01,500
SUNC,2026-10-01,224
SUPN,2026-10-08,612
SUPX,2026-10-08,510
SVAC,2026-07-06,191
SVC,2026-10-08,563
SVCO,2026-10-05,553
SVRA,2026-10-01,604
SVV,2026-10-08,612
SWBI,2026-10-08,612
SWIM,2026-10-08,610
SWKS,2026-08-27,544
SWMR,2026-09-28,135
SWX,2026-10-08,612
SXC,2026-10-08,612
SXI,2026-07-09,503
SXT,2026-10-08,608
SYBT,2026-07-02,503
SYNA,2026-10-08,612
SYRE,2026-10-08,612
TAC,2026-10-08,612
TALK,2026-08-14,576
TALO,2026-10-08,612
TAP,2026-10-08,612
TARA,2026-05-06,502
TARS,2026-10-08,612
TASK,2026-10-08,609
TATT,2026-07-10,510
TBBB,2026-10-08,612
TBBK,2026-10-08,606
TBI,2026-09-21,515
TBLA,2026-08-04,541
TBN,2026-06-29,494
TBPH,2026-09-21,600
TBRG,2026-07-08,521
TCBI,2026-10-06,610
TCBK,2026-10-02,530
TCMD,2026-09-25,557
TDAY,2026-10-08,612
TDC,2026-10-08,612
TDOC,2026-10-08,612
TDS,2026-10-08,612
TDUP,2026-08-05,543
TDW,2026-10-08,612
TE,2026-09-08,575
TECH,2026-06-24,540
TECX,2026-10-08,511
TEM,2026-08-18,536
TEN,2026-10-08,559
TENB,2026-10-08,612
TENX,2026-08-07,556
TERN,2026-05-04,505
TEX,2026-10-08,612
TFII,2026-10-08,505
TFIN,2026-07-30,527
TFPM,2026-10-08,612
TFSL,2026-10-08,612
TFX,2026-10-08,612
TGLS,2026-10-08,565
TGTX,2026-10-08,611
TH,2026-10-08,612
THG,2026-10-01,581
THO,2026-10-08,612
THR,2026-05-28,522
THRM,2026-10-08,590
TIC,2026-10-08,411
TILE,2026-10-08,612
TIPT,2026-07-07,532
TITN,2026-09-18,523
TJGC,2026-10-01,426
TK,2026-10-08,612
TKNO,2026-10-08,530
TKR,2026-10-08,612
TLRY,2026-06-15,534
TLS,2026-06-02,501
TMC,2026-08-27,540
TMDX,2026-10-08,612
TMHC,2026-07-22,559
TMS,2026-09-25,361
TNC,2026-08-20,520
TNDM,2026-10-08,612
TNET,2026-10-08,611
TNGX,2026-10-08,612
TNK,2026-10-08,611
TNL,2026-10-08,612
TOI,2026-07-30,536
TOWN,2026-10-08,612
TOYO,2026-06-30,528
TPB,2026-10-08,592
TPC,2026-10-08,612
TPH,2026-05-12,511
TR,2026-07-10,510
TRAX,2026-10-08,130
TRDA,2026-06-29,502
TREE,2026-10-06,575
TREX,2026-10-08,612
TRIN,2026-10-08,612
TRIP,2026-10-08,612
TRLV,2026-10-08,576
TRMD,2026-10-08,612
TRMK,2026-10-08,599
TRN,2026-10-08,612
TRNO,2026-10-08,612
TROX,2026-09-02,588
TRS,2026-10-06,607
TRTX,2026-10-08,612
TRUP,2026-10-08,612
TRVI,2026-10-08,612
TSAT,2026-08-14,525
TSHA,2026-09-21,600
TSLX,2026-10-08,612
TSSI,2026-08-13,565
TTAM,2026-09-24,375
TTAN,2026-10-08,454
TTC,2026-10-08,612
TTD,2026-10-08,599
TTEK,2026-10-08,612
TTGT,2026-05-15,514
TTI,2026-10-08,612
TVA,2026-09-21,338
TVTX,2026-10-08,612
TWFG,2026-06-12,471
TWI,2026-10-08,612
TWIN,2026-07-10,507
TWO,2026-07-30,565
TWST,2026-09-16,597
TXG,2026-10-07,606
TXNM,2026-10-08,612
TXO,2026-06-03,511
TYGO,2026-05-05,501
TYRA,2026-10-08,612
UA,2026-09-04,590
UAA,2026-09-14,595
UAMY,2026-09-09,593
UBSI,2026-10-08,612
UCB,2026-10-08,612
UCTT,2026-10-08,612
UDMY,2026-05-07,501
UE,2026-10-08,612
UFPI,2026-10-08,612
UGI,2026-10-08,612
UHAL,2026-06-03,502
UHS,2026-09-04,555
UHT,2026-07-02,510
ULCC,2026-10-08,600
UMBF,2026-10-08,540
UMH,2026-10-08,612
UNF,2026-10-08,532
UNFI,2026-10-08,612
UNIT,2026-10-08,612
UPB,2026-09-21,485
UPBD,2026-10-08,612
UPST,2026-10-08,612
UPWK,2026-10-08,612
URBN,2026-10-08,612
URGN,2026-10-08,612
USAC,2026-10-01,543
USAR,2026-10-08,614
USDE,2026-10-08,73
USLM,2026-07-02,510
USPH,2026-08-11,515
UTI,2026-10-08,612
UTZ,2026-10-08,612
UVE,2026-05-07,501
UVSP,2026-08-07,523
UVV,2026-10-08,555
VAC,2026-10-06,610
VACI,2026-08-27,192
VAL,2026-10-08,612
VC,2026-10-08,612
VCEL,2026-10-08,612
VCTR,2026-10-08,612
VCYT,2026-10-08,612
VECO,2026-10-08,612
VELO,2026-10-06,610
VERA,2026-10-08,612
VERX,2026-10-08,612
VET,2026-10-08,612
VFC,2026-10-08,612
VGNT,2026-10-08,135
VIA,2026-10-08,268
VIAV,2026-09-24,554
VICR,2026-09-17,538
VIR,2026-10-08,612
VIRT,2026-10-08,608
VISN,2026-10-08,614
VITL,2026-10-08,612
VKTX,2026-10-08,613
VLY,2026-10-08,612
VMD,2026-09-04,561
VMET,2026-09-23,142
VNDA,2026-09-29,605
VNO,2026-10-08,612
VNOM,2026-06-01,500
VNT,2026-10-08,612
VOGX,2026-08-25,10
VOR,2026-10-08,612
VOXR,2026-10-08,582
VOYA,2026-10-08,612
VOYG,2026-10-08,333
VPG,2026-10-08,602
VRDN,2026-10-08,612
VRE,2026-05-22,519
VREX,2026-10-08,609
VRNS,2026-10-08,612
VRRM,2026-08-06,535
VSAT,2026-10-08,594
VSCO,2026-05-29,523
VSEC,2026-10-08,613
VSH,2026-10-08,612
VSNT,2026-10-08,205
VSTM,2026-10-08,576
VSTS,2026-10-08,612
VSXY,2026-10-08,588
VTOL,2026-10-01,521
VTS,2026-10-08,612
VUZI,2026-05-22,501
VVV,2026-10-08,612
VVX,2026-10-08,612
VYX,2026-10-08,612
W,2026-06-10,531
WABC,2026-10-01,516
WAFD,2026-10-08,612
WAL,2026-10-08,612
WASH,2026-05-04,502
WAY,2026-10-08,584
WBI,2026-10-08,265
WBTN,2026-10-08,565
WD,2026-10-08,588
WEAV,2026-10-08,609
WEN,2026-10-08,613
WERN,2026-10-08,612
WEST,2026-10-08,607
WEX,2026-10-08,612
WFRD,2026-10-08,612
WGO,2026-10-08,612
WGS,2026-10-08,612
WH,2026-10-08,612
WHD,2026-10-08,612
WHK,2026-10-02,81
WHR,2026-10-08,612
WING,2026-10-08,612
WIX,2026-10-08,612
WK,2026-10-08,612
WKC,2026-10-08,612
WLAC,2026-05-07,339
WLDN,2026-08-19,565
WLFC,2026-10-08,506
WLK,2026-10-08,573
WLTH,2026-10-08,205
WLY,2026-10-08,614
WMS,2026-10-08,533
WNC,2026-10-08,608
WOLF,2026-10-08,257
WOR,2026-10-08,541
WRBY,2026-10-08,612
WS,2026-10-08,534
WSBC,2026-10-08,612
WSC,2026-10-08,612
WSFS,2026-10-08,612
WSR,2026-07-10,551
WT,2026-10-08,612
WTFC,2026-10-08,538
WTS,2026-06-01,520
WTTR,2026-10-08,612
WU,2026-10-08,612
WULF,2026-10-08,568
WVE,2026-08-27,585
WWW,2026-10-08,612
WYFI,2026-10-08,293
WYNN,2026-10-08,556
XE,2026-10-08,116
XENE,2026-10-08,612
XERS,2026-10-08,612
XHR,2026-10-08,612
XIFR,2026-10-08,612
XMAX,2026-10-08,597
XMTR,2026-10-08,612
XNCR,2026-10-08,612
XNDU,2026-10-06,137
XOMA,2026-07-13,516
XP,2026-09-09,592
XPEL,2026-08-14,532
XPER,2026-08-25,583
XPOF,2026-07-29,538
XPRO,2026-10-08,612
XRAY,2026-10-08,612
XRN,2026-05-20,502
XRPN,2026-10-08,325
XWIN,2026-05-14,513
XXI,2026-10-08,520
XZO,2026-10-08,231
YDES,2026-10-08,282
YELP,2026-10-08,612
YETI,2026-10-08,612
YEXT,2026-10-08,565
YOU,2026-10-08,612
YSS,2026-10-08,175
YSWY,2026-10-08,118
Z,2026-10-08,612
ZBIO,2026-10-08,517
ZD,2026-10-08,612
ZETA,2026-10-08,613
ZG,2026-10-08,610
ZGN,2026-10-08,612
ZIM,2026-10-08,612
ZION,2026-10-08,581
ZIP,2026-08-20,507
ZNTL,2026-07-21,503
ZSQR,2026-07-13,526
ZUMZ,2026-06-18,508
ZURA,2026-09-14,563
ZVRA,2026-10-08,612
ZWS,2026-10-08,612
ZYME,2026-10-08,612
