symbol,last_date,rows
AAL,2026-05-01,504
AAMI,2026-05-01,503
AAON,2026-05-01,504
AAP,2026-05-01,504
AAT,2026-05-01,503
AAUC,2026-05-01,429
ABCB,2026-05-01,504
ABEO,2026-05-01,503
ABG,2026-05-01,504
ABM,2026-05-01,504
ABR,2026-05-01,504
ABX,2026-05-01,504
ACAD,2026-05-01,504
ACDC,2026-05-01,504
ACHC,2026-05-01,504
ACHR,2026-05-01,504
ACI,2026-05-01,504
ACIW,2026-05-01,504
ACLS,2026-05-01,504
ACMR,2026-05-01,504
ACVA,2026-05-01,504
ADAM,2026-05-01,504
ADC,2026-05-01,504
ADEA,2026-05-01,504
ADMA,2026-05-01,504
ADNT,2026-05-01,504
ADPT,2026-05-01,504
ADT,2026-05-01,504
ADTN,2026-05-01,504
ADUR,2026-05-01,429
AEHR,2026-05-01,504
AEO,2026-05-01,504
AESI,2026-05-01,504
AEVA,2026-05-01,504
AG,2026-05-01,504
AGBK,2026-05-01,56
AGCO,2026-05-01,504
AGIO,2026-05-01,504
AGL,2026-05-01,504
AGO,2026-05-01,504
AGRO,2026-05-01,504
AGX,2026-04-29,502
AHCO,2026-05-01,504
AHR,2026-05-01,504
AHRT,2026-05-01,504
AI,2026-05-01,504
AIP,2026-05-01,504
AIR,2026-05-01,504
AKR,2026-05-01,504
ALGM,2026-05-01,504
ALGT,2026-05-01,504
ALH,2026-05-01,141
ALHC,2026-05-01,504
ALK,2026-05-01,504
ALKS,2026-05-01,504
ALKT,2026-05-01,504
ALLT,2026-05-01,504
ALM,2026-05-01,504
ALMR,2026-05-01,11
ALMS,2026-05-01,462
ALMU,2026-05-01,504
ALOY,2026-05-01,504
ALRM,2026-05-01,504
ALTO,2026-05-01,504
ALV,2026-05-01,504
AMBA,2026-05-01,504
AMBQ,2026-05-01,191
AMCX,2026-05-01,504
AMG,2026-05-01,504
AMLX,2026-05-01,504
AMN,2026-05-01,504
AMPH,2026-05-01,504
AMPL,2026-05-01,504
AMPX,2026-05-01,504
AMRC,2026-05-01,504
AMRX,2026-05-01,504
AMSC,2026-05-01,504
AMTB,2026-05-01,504
AMTM,2026-05-01,402
AN,2026-05-01,504
ANAB,2026-05-01,504
ANF,2026-05-01,504
ANGI,2026-05-01,501
ANGO,2026-04-29,502
ANNX,2026-05-01,504
AORT,2026-04-29,501
AOS,2026-05-01,504
AOSL,2026-05-01,504
APAM,2026-05-01,504
APGE,2026-05-01,504
APLD,2026-05-01,504
APLE,2026-05-01,504
APLS,2026-05-01,504
APPF,2026-05-01,504
APPN,2026-05-01,504
AQN,2026-05-01,504
ARCB,2026-05-01,504
ARCO,2026-05-01,504
ARDT,2026-05-01,449
ARDX,2026-05-01,504
ARE,2026-05-01,504
ARHS,2026-05-01,504
ARI,2026-05-01,504
ARIS,2026-05-01,504
ARKO,2026-05-01,504
ARLO,2026-05-01,504
ARLP,2026-05-01,504
AROC,2026-05-01,504
ARQT,2026-05-01,504
ARR,2026-05-01,504
ARRY,2026-05-01,504
ARVN,2026-05-01,504
ARW,2026-05-01,504
ARWR,2026-04-29,502
ARX,2026-05-01,195
ASAN,2026-05-01,504
ASB,2026-05-01,504
ASC,2026-05-01,504
ASH,2026-05-01,504
ASO,2026-05-01,504
ASPI,2026-05-01,501
ASST,2026-05-01,504
ASTH,2026-05-01,504
ATEC,2026-05-01,504
ATEN,2026-05-01,504
ATEX,2026-05-01,504
ATII,2026-05-01,271
ATKR,2026-05-01,504
ATMU,2026-05-01,504
ATOM,2026-05-01,501
ATR,2026-05-01,504
ATRC,2026-05-01,504
ATRO,2026-05-01,504
AUB,2026-05-01,504
AUGO,2026-05-01,201
AUPH,2026-05-01,504
AUR,2026-04-29,502
AVA,2026-05-01,504
AVAH,2026-05-01,504
AVAV,2026-05-01,504
AVBP,2026-05-01,504
AVEX,2026-05-01,11
AVNS,2026-05-01,504
AVNT,2026-05-01,504
AVO,2026-05-01,504
AVPT,2026-05-01,504
AVR,2026-05-01,345
AVT,2026-05-01,504
AVTR,2026-05-01,504
AVTX,2026-05-01,504
AWI,2026-05-01,504
AWR,2026-05-01,504
AX,2026-05-01,503
AXGN,2026-05-01,504
AXS,2026-05-01,504
AXSM,2026-04-29,502
AXTA,2026-05-01,504
AXTI,2026-05-01,504
AYI,2026-05-01,504
AZ,2026-05-01,503
AZTA,2026-05-01,504
BAH,2026-05-01,504
BANC,2026-05-01,504
BAND,2026-05-01,504
BATRK,2026-05-01,504
BAX,2026-05-01,504
BB,2026-05-01,504
BBBY,2026-05-01,501
BBCQ,2026-04-29,64
BBDC,2026-05-01,504
BBNX,2026-05-01,315
BBOT,2026-05-01,504
BBT,2026-05-01,504
BBW,2026-05-01,504
BBWI,2026-05-01,504
BC,2026-05-01,504
BCAR,2026-05-01,176
BCAX,2026-05-01,409
BCO,2026-05-01,504
BCRX,2026-05-01,504
BCSF,2026-05-01,504
BDC,2026-05-01,503
BEAM,2026-05-01,504
BEP,2026-04-29,502
BEPC,2026-05-01,504
BETA,2026-05-01,123
BETR,2026-05-01,504
BFAM,2026-05-01,504
BFH,2026-05-01,504
BFLY,2026-05-01,501
BGC,2026-05-01,504
BGS,2026-05-01,504
BHC,2026-05-01,504
BHE,2026-05-01,504
BHF,2026-05-01,504
BHVN,2026-05-01,504
BILL,2026-05-01,504
BIO,2026-05-01,501
BIOA,2026-05-01,400
BIPC,2026-05-01,504
BIRK,2026-05-01,504
BKD,2026-05-01,504
BKE,2026-04-29,502
BKH,2026-05-01,504
BKSY,2026-05-01,504
BKU,2026-05-01,504
BKV,2026-05-01,400
BL,2026-05-01,504
BLBD,2026-05-01,504
BLCO,2026-05-01,504
BLDR,2026-05-01,504
BLFS,2026-05-01,504
BLKB,2026-05-01,504
BLLN,2026-05-01,121
BLMN,2026-05-01,504
BLSH,2026-05-01,181
BMI,2026-05-01,504
BNL,2026-05-01,504
BOBS,2026-05-01,60
BOH,2026-05-01,504
BOKF,2026-05-01,504
BOOT,2026-05-01,504
BORR,2026-05-01,504
BOX,2026-05-01,504
BPOP,2026-05-01,504
BRBR,2026-05-01,504
BRC,2026-05-01,503
BRCB,2026-05-01,160
BRKR,2026-05-01,504
BROS,2026-05-01,504
BRSL,2026-05-01,504
BRSP,2026-05-01,504
BRX,2026-05-01,504
BRZE,2026-05-01,504
BSM,2026-04-29,501
BSY,2026-04-29,502
BTDR,2026-05-01,504
BTE,2026-04-29,502
BTGO,2026-05-01,71
BTSG,2026-04-29,502
BTU,2026-05-01,504
BULL,2026-05-01,504
BUR,2026-05-01,501
BUSE,2026-05-01,504
BV,2026-05-01,504
BVS,2026-05-01,504
BW,2026-05-01,504
BWIN,2026-05-01,504
BWLP,2026-05-01,504
BXMT,2026-05-01,504
BXP,2026-05-01,504
BXSL,2026-05-01,504
BY,2026-05-01,501
BYD,2026-05-01,504
BZH,2026-05-01,504
CADL,2026-05-01,504
CAE,2026-05-01,504
CAEP,2026-05-01,214
CAG,2026-05-01,504
CAI,2026-05-01,219
CAKE,2026-05-01,504
CAL,2026-05-01,504
CALM,2026-05-01,504
CALX,2026-05-01,504
CALY,2026-05-01,504
CAMT,2026-05-01,504
CAPR,2026-05-01,504
CAR,2026-05-01,504
CARE,2026-05-01,504
CARG,2026-05-01,504
CARS,2026-05-01,504
CART,2026-05-01,504
CATY,2026-05-01,504
CBAN,2026-05-01,504
CBC,2026-05-01,110
CBIO,2026-05-01,501
CBRL,2026-05-01,504
CBSH,2026-05-01,504
CBZ,2026-05-01,504
CC,2026-05-01,504
CCC,2026-05-01,501
CCIX,2026-05-01,467
CCOI,2026-05-01,504
CCRN,2026-05-01,504
CDNA,2026-05-01,504
CDNL,2026-05-01,98
CDP,2026-05-01,504
CDRE,2026-05-01,504
CE,2026-05-01,504
CECO,2026-05-01,504
CELC,2026-05-01,504
CELH,2026-05-01,504
CENX,2026-05-01,504
CEPT,2026-05-01,251
CERT,2026-05-01,504
CEVA,2026-05-01,504
CFFN,2026-05-01,504
CFR,2026-05-01,504
CGAU,2026-05-01,504
CGBD,2026-05-01,504
CGCT,2026-05-01,216
CGEM,2026-05-01,504
CGNT,2026-05-01,504
CGNX,2026-05-01,504
CGON,2026-05-01,504
CHDN,2026-05-01,504
CHE,2026-05-01,504
CHEF,2026-05-01,504
CHH,2026-05-01,504
CHRD,2026-05-01,504
CHYM,2026-05-01,223
CIFR,2026-05-01,504
CIM,2026-05-01,504
CION,2026-05-01,504
CLB,2026-05-01,504
CLBK,2026-05-01,501
CLBT,2026-05-01,504
CLDX,2026-05-01,504
CLF,2026-05-01,504
CLMT,2026-05-01,504
CLPT,2026-05-01,504
CLSK,2026-05-01,504
CLYM,2026-05-01,504
CMBT,2026-05-01,504
CMC,2026-05-01,504
CMP,2026-05-01,504
CMRE,2026-05-01,504
CNK,2026-05-01,504
CNM,2026-05-01,504
CNMD,2026-05-01,504
CNNE,2026-05-01,504
CNO,2026-05-01,504
CNOB,2026-05-01,504
CNR,2026-05-01,504
CNS,2026-05-01,504
CNX,2026-05-01,504
CNXC,2026-05-01,504
COCO,2026-05-01,504
CODI,2026-05-01,504
COGT,2026-05-01,504
COHU,2026-05-01,504
COLB,2026-05-01,504
COLD,2026-05-01,504
COLL,2026-05-01,504
COLM,2026-05-01,504
COMP,2026-05-01,504
CON,2026-05-01,444
CORT,2026-05-01,504
CORZ,2026-05-01,504
COUR,2026-05-01,504
CPA,2026-05-01,504
CPB,2026-05-01,504
CPRI,2026-05-01,504
CPRX,2026-05-01,504
CR,2026-05-01,501
CRC,2026-05-01,504
CRGY,2026-05-01,504
CRI,2026-05-01,504
CRK,2026-05-01,504
CRL,2026-05-01,504
CRMD,2026-05-01,504
CRML,2026-05-01,504
CRNC,2026-05-01,504
CRNX,2026-05-01,504
CROX,2026-05-01,504
CRSP,2026-05-01,504
CRSR,2026-05-01,504
CRUS,2026-05-01,504
CRVS,2026-05-01,504
CSGS,2026-05-01,503
CSHR,2026-05-01,22
CSIQ,2026-05-01,504
CSTL,2026-05-01,503
CSTM,2026-05-01,504
CSWC,2026-05-01,504
CTLP,2026-05-01,504
CTOS,2026-05-01,504
CTRE,2026-05-01,504
CTRI,2026-05-01,504
CUBE,2026-05-01,504
CUBI,2026-05-01,504
CURB,2026-05-01,400
CUZ,2026-05-01,504
CVBF,2026-05-01,504
CVGW,2026-05-01,504
CVI,2026-05-01,504
CVLT,2026-05-01,504
CWAN,2026-05-01,504
CWEN,2026-05-01,504
CWH,2026-05-01,504
CWK,2026-05-01,504
CWST,2026-05-01,504
CWT,2026-05-01,504
CXM,2026-05-01,501
CXT,2026-05-01,504
CXW,2026-05-01,504
CYRX,2026-05-01,504
CYTK,2026-05-01,504
CZR,2026-05-01,504
DAN,2026-05-01,504
DAR,2026-04-29,502
DAVE,2026-05-01,504
DBD,2026-05-01,504
DBI,2026-05-01,504
DBRG,2026-05-01,504
DBX,2026-05-01,504
DCH,2026-05-01,504
DCI,2026-05-01,501
DCOM,2026-05-01,504
DEC,2026-05-01,504
DEI,2026-05-01,504
DFH,2026-05-01,504
DFTX,2026-05-01,504
DHC,2026-05-01,504
DHT,2026-05-01,504
DIN,2026-04-29,501
DIOD,2026-05-01,504
DJT,2026-05-01,504
DK,2026-05-01,504
DLB,2026-05-01,504
DLO,2026-05-01,504
DLX,2026-05-01,503
DMII,2026-05-01,103
DNA,2026-05-01,504
DNLI,2026-05-01,504
DNOW,2026-05-01,504
DNTH,2026-05-01,504
DOCN,2026-04-29,502
DOCS,2026-05-01,504
DOCU,2026-05-01,504
DOLE,2026-05-01,504
DOO,2026-05-01,504
DOX,2026-05-01,504
DRDB,2026-05-01,313
DRH,2026-05-01,504
DRTS,2026-05-01,504
DRVN,2026-05-01,504
DSGN,2026-05-01,504
DSGX,2026-05-01,504
DUOL,2026-05-01,504
DV,2026-05-01,504
DX,2026-05-01,504
DXC,2026-05-01,504
DYN,2026-05-01,504
EAT,2026-05-01,504
EBC,2026-05-01,504
EBS,2026-05-01,504
ECG,2026-05-01,378
ECO,2026-05-01,504
ECPG,2026-04-29,501
ECVT,2026-05-01,504
EE,2026-05-01,504
EEFT,2026-05-01,504
EFC,2026-05-01,504
EFOR,2026-05-01,504
EFSC,2026-05-01,503
EFXT,2026-05-01,504
EGBN,2026-05-01,503
EGO,2026-05-01,504
EGY,2026-05-01,504
EHAB,2026-05-01,504
ELF,2026-05-01,504
ELVA,2026-05-01,504
ELVN,2026-05-01,504
EMBC,2026-05-01,504
EMN,2026-05-01,504
ENGN,2026-05-01,504
ENOV,2026-05-01,504
ENPH,2026-05-01,504
ENR,2026-05-01,504
ENVX,2026-05-01,504
EOLS,2026-05-01,504
EOSE,2026-05-01,504
EPAC,2026-05-01,504
EPAM,2026-05-01,504
EPC,2026-05-01,504
EPR,2026-05-01,504
EPRT,2026-05-01,504
EQPT,2026-05-01,69
ERAS,2026-05-01,504
ERII,2026-05-01,504
ERO,2026-05-01,504
ESAB,2026-05-01,504
ESE,2026-05-01,504
ESNT,2026-05-01,504
ESRT,2026-05-01,504
ESTA,2026-05-01,504
ESTC,2026-05-01,504
ETD,2026-05-01,503
ETON,2026-05-01,504
ETOR,2026-05-01,244
ETSY,2026-05-01,504
EVER,2026-05-01,504
EVLV,2026-05-01,504
EWCZ,2026-05-01,501
EWTX,2026-05-01,504
EXK,2026-05-01,504
EXLS,2026-05-01,504
EXP,2026-05-01,504
EXPI,2026-05-01,504
EXPO,2026-05-01,504
EXTR,2026-05-01,504
EYE,2026-05-01,504
EYPT,2026-05-01,504
EZPW,2026-05-01,504
FA,2026-05-01,504
FAF,2026-05-01,504
FBIN,2026-05-01,504
FBP,2026-05-01,504
FBRT,2026-05-01,504
FCEL,2026-05-01,504
FCF,2026-05-01,504
FCFS,2026-05-01,504
FCN,2026-05-01,501
FCPT,2026-05-01,504
FDMT,2026-05-01,504
FDS,2026-05-01,504
FELE,2026-05-01,504
FFBC,2026-05-01,504
FFIN,2026-05-01,504
FG,2026-05-01,504
FHB,2026-05-01,504
FHI,2026-05-01,504
FIBK,2026-05-01,504
FIG,2026-05-01,190
FIGR,2026-05-01,161
FIGS,2026-05-01,504
FIHL,2026-05-01,504
FIP,2026-05-01,504
FIVN,2026-05-01,504
FLG,2026-05-01,504
FLGT,2026-05-01,504
FLNC,2026-05-01,504
FLNG,2026-05-01,504
FLO,2026-05-01,504
FLOC,2026-05-01,324
FLR,2026-05-01,504
FLS,2026-05-01,501
FLY,2026-05-01,185
FLYW,2026-05-01,504
FMC,2026-05-01,504
FMNB,2026-05-01,504
FNB,2026-05-01,504
FND,2026-05-01,504
FOUR,2026-05-01,504
FOXF,2026-05-01,504
FPI,2026-05-01,501
FR,2026-05-01,504
FRME,2026-05-01,504
FRMI,2026-05-01,147
FRO,2026-05-01,504
FROG,2026-05-01,504
FRPT,2026-05-01,504
FRSH,2026-05-01,504
FRST,2026-05-01,504
FRT,2026-04-29,502
FSK,2026-05-01,504
FSLY,2026-05-01,504
FSM,2026-05-01,504
FSS,2026-05-01,504
FSUN,2026-04-29,501
FTDR,2026-05-01,504
FTRE,2026-05-01,504
FUBO,2026-05-01,504
FUL,2026-05-01,504
FULC,2026-05-01,504
FULT,2026-05-01,504
FUN,2026-05-01,504
FVRR,2026-05-01,504
FWRD,2026-05-01,504
FWRG,2026-05-01,504
G,2026-05-01,504
GAIN,2026-05-01,504
GAP,2026-05-01,504
GBCI,2026-05-01,504
GBDC,2026-05-01,504
GBTG,2026-05-01,504
GBX,2026-05-01,504
GCMG,2026-05-01,504
GCT,2026-05-01,504
GDEN,2026-04-29,502
GDOT,2026-05-01,504
GDYN,2026-05-01,504
GEL,2026-05-01,504
GENB,2026-05-01,45
GEO,2026-05-01,504
GFF,2026-05-01,504
GHRS,2026-05-01,504
GIII,2026-05-01,504
GILT,2026-05-01,504
GKOS,2026-05-01,504
GLBE,2026-05-01,504
GLIBK,2026-05-01,204
GLNG,2026-05-01,504
GLOB,2026-05-01,504
GLUE,2026-05-01,504
GLXY,2026-04-29,239
GNL,2026-05-01,504
GNTX,2026-05-01,504
GNW,2026-05-01,504
GO,2026-05-01,504
GOLD,2026-05-01,504
GOLF,2026-04-29,501
GOOD,2026-05-01,504
GOOS,2026-05-01,504
GPGI,2026-05-01,504
GPK,2026-05-01,504
GPOR,2026-05-01,504
GPRE,2026-05-01,504
GPRK,2026-05-01,504
GRAL,2026-05-01,473
GRC,2026-04-29,501
GRDN,2026-05-01,400
GRND,2026-05-01,504
GRNT,2026-05-01,504
GRPN,2026-05-01,504
GRRR,2026-05-01,504
GSBD,2026-05-01,504
GSHD,2026-05-01,504
GT,2026-05-01,504
GTES,2026-05-01,504
GTLB,2026-05-01,504
GTLS,2026-05-01,504
GTM,2026-05-01,504
GTN,2026-05-01,504
GTX,2026-05-01,504
GTY,2026-05-01,504
GVA,2026-05-01,504
GXO,2026-05-01,504
HAE,2026-05-01,504
HAFC,2026-05-01,503
HAFN,2026-05-01,504
HALO,2026-05-01,504
HASI,2026-05-01,504
HAYW,2026-05-01,504
HBM,2026-05-01,504
HBNC,2026-05-01,504
HCC,2026-05-01,504
HCSG,2026-05-01,504
HE,2026-05-01,504
HELE,2026-05-01,504
HESM,2026-05-01,504
HFWA,2026-05-01,503
HG,2026-05-01,504
HGV,2026-05-01,504
HHH,2026-05-01,504
HIMS,2026-05-01,504
HIW,2026-05-01,504
HLF,2026-05-01,504
HLIT,2026-05-01,504
HLMN,2026-05-01,504
HLNE,2026-05-01,504
HLX,2026-05-01,504
HMH,2026-04-29,20
HNGE,2026-05-01,237
HNI,2026-05-01,504
HNRG,2026-05-01,504
HOG,2026-05-01,504
HOMB,2026-05-01,504
HOPE,2026-05-01,504
HP,2026-05-01,504
HPK,2026-05-01,504
HPP,2026-05-01,504
HQY,2026-05-01,504
HR,2026-05-01,504
HRB,2026-05-01,504
HRI,2026-05-01,504
HRMY,2026-05-01,504
HROW,2026-05-01,504
HRTG,2026-05-01,504
HSHP,2026-05-01,501
HSIC,2026-05-01,504
HTFL,2026-05-01,183
HTGC,2026-05-01,504
HTH,2026-05-01,504
HTLD,2026-05-01,504
HTO,2026-05-01,504
HTZ,2026-05-01,504
HUBG,2026-05-01,504
HUN,2026-05-01,504
HUT,2026-05-01,504
HWC,2026-05-01,504
HXL,2026-05-01,504
HYMC,2026-05-01,504
HZO,2026-05-01,504
IAC,2026-05-01,504
IAG,2026-05-01,504
IART,2026-05-01,504
IBP,2026-05-01,503
IBRX,2026-05-01,504
ICFI,2026-05-01,504
ICHR,2026-05-01,504
ICL,2026-05-01,504
ICLR,2026-05-01,504
IDA,2026-05-01,504
IDCC,2026-05-01,501
IDYA,2026-05-01,504
IEP,2026-05-01,504
IFS,2026-05-01,504
IHRT,2026-05-01,504
IHS,2026-05-01,504
IIIN,2026-05-01,504
IIIV,2026-04-29,502
IIPR,2026-05-01,504
ILPT,2026-05-01,504
IMAX,2026-05-01,504
IMMX,2026-05-01,504
IMNM,2026-05-01,504
IMRX,2026-05-01,504
IMSR,2026-05-01,390
IMTX,2026-05-01,501
IMVT,2026-05-01,504
IMXI,2026-05-01,504
INBX,2026-05-01,483
INDB,2026-05-01,504
INDV,2026-05-01,504
INFQ,2026-05-01,53
INGM,2026-05-01,380
INGR,2026-05-01,504
INMD,2026-05-01,504
INN,2026-05-01,501
INOD,2026-05-01,504
INSP,2026-05-01,504
INSW,2026-05-01,504
INTA,2026-05-01,504
INTR,2026-05-01,504
INV,2026-05-01,504
INVA,2026-05-01,504
INVX,2026-05-01,504
IPGP,2026-05-01,504
IRD,2026-05-01,501
IRDM,2026-05-01,504
IRON,2026-05-01,504
IRT,2026-05-01,504
IRTC,2026-05-01,504
ISSC,2026-05-01,504
IT,2026-05-01,501
ITGR,2026-05-01,504
ITRI,2026-05-01,504
IVR,2026-05-01,504
IVT,2026-05-01,504
JAN,2026-05-01,30
JANX,2026-05-01,504
JBGS,2026-05-01,504
JBI,2026-05-01,504
JBIO,2026-05-01,504
JBTM,2026-05-01,504
JEF,2026-04-29,502
JHG,2026-05-01,504
JOBY,2026-05-01,504
JXN,2026-05-01,504
KALU,2026-05-01,504
KALV,2026-05-01,504
KBH,2026-05-01,504
KBR,2026-05-01,504
KD,2026-05-01,504
KDK,2026-05-01,151
KELYA,2026-05-01,504
KEX,2026-05-01,504
KFRC,2026-05-01,504
KFY,2026-05-01,504
KGS,2026-05-01,504
KLAR,2026-05-01,161
KLIC,2026-05-01,504
KLRA,2026-05-01,11
KMPR,2026-05-01,504
KMT,2026-05-01,504
KMX,2026-05-01,504
KN,2026-05-01,504
KNF,2026-05-01,504
KNSA,2026-05-01,504
KNSL,2026-05-01,501
KNTK,2026-05-01,504
KOD,2026-05-01,504
KODK,2026-05-01,504
KRC,2026-05-01,504
KREF,2026-05-01,504
KRG,2026-05-01,504
KRMN,2026-05-01,305
KRNY,2026-05-01,504
KRO,2026-05-01,504
KRP,2026-05-01,504
KRUS,2026-04-29,502
KSS,2026-05-01,504
KTB,2026-05-01,504
KURA,2026-05-01,504
KVYO,2026-05-01,504
KW,2026-05-01,504
KYIV,2026-05-01,353
KYMR,2026-05-01,504
KYTX,2026-05-01,504
LAC,2026-05-01,501
LAD,2026-05-01,503
LADR,2026-05-01,504
LAND,2026-05-01,504
LAR,2026-05-01,504
LASR,2026-05-01,504
LAUR,2026-05-01,504
LAZ,2026-05-01,504
LBRDK,2026-05-01,504
LBRT,2026-05-01,504
LBTYA,2026-05-01,504
LBTYK,2026-05-01,504
LC,2026-05-01,504
LCID,2026-05-01,504
LCII,2026-04-29,502
LEA,2026-05-01,504
LEG,2026-05-01,504
LEU,2026-05-01,504
LEVI,2026-05-01,504
LFST,2026-05-01,504
LGIH,2026-05-01,504
LGN,2026-05-01,160
LIF,2026-05-01,477
LIFE,2026-05-01,65
LILAK,2026-05-01,504
LINC,2026-04-29,502
LIND,2026-05-01,504
LINE,2026-05-01,444
LION,2026-05-01,504
LIVN,2026-05-01,504
LKQ,2026-05-01,504
LMND,2026-05-01,504
LMRI,2026-05-01,97
LNC,2026-05-01,504
LNTH,2026-05-01,504
LOAR,2026-05-01,504
LOKV,2026-05-01,260
LPG,2026-05-01,504
LPTH,2026-05-01,504
LPX,2026-05-01,504
LQDA,2026-05-01,504
LRN,2026-05-01,504
LSPD,2026-05-01,504
LSTR,2026-05-01,504
LTBR,2026-05-01,504
LTC,2026-05-01,504
LTH,2026-05-01,504
LUMN,2026-05-01,504
LUNR,2026-05-01,504
LW,2026-05-01,504
LWLG,2026-05-01,504
LXEO,2026-05-01,504
LXP,2026-05-01,504
LXU,2026-05-01,504
LYFT,2026-05-01,504
LYTS,2026-05-01,504
LZ,2026-05-01,504
LZB,2026-05-01,501
LZM,2026-05-01,501
M,2026-05-01,504
MAAS,2026-05-01,504
MAC,2026-05-01,504
MAGN,2026-05-01,504
MAIN,2026-05-01,504
MAMA,2026-05-01,504
MAN,2026-05-01,504
MANE,2026-05-01,61
MANH,2026-05-01,504
MARA,2026-05-01,504
MASI,2026-05-01,504
MAT,2026-05-01,504
MATV,2026-05-01,501
MAX,2026-05-01,504
MAZE,2026-05-01,314
MBC,2026-05-01,504
MBLY,2026-05-01,504
MBUU,2026-05-01,504
MBX,2026-05-01,409
MC,2026-05-01,504
MCHB,2026-05-01,504
MCW,2026-05-01,504
MD,2026-05-01,504
MDA,2026-05-01,36
MDU,2026-05-01,504
MEG,2026-04-29,502
MEI,2026-05-01,501
MEOH,2026-05-01,504
METC,2026-05-01,504
MFA,2026-05-01,504
MGM,2026-05-01,501
MGNI,2026-05-01,504
MGRC,2026-05-01,504
MGTX,2026-05-01,504
MGY,2026-05-01,504
MH,2026-05-01,195
MHK,2026-05-01,504
MHO,2026-04-29,501
MIAX,2026-05-01,180
MICC,2026-05-01,100
MIDD,2026-05-01,504
MIR,2026-05-01,504
MIRM,2026-05-01,504
MITK,2026-05-01,504
MKTX,2026-05-01,504
MLKN,2026-05-01,504
MLTX,2026-05-01,504
MLYS,2026-05-01,504
MMED,2026-05-01,40
MMS,2026-05-01,504
MMSI,2026-05-01,504
MMYT,2026-05-01,504
MNDY,2026-05-01,504
MNR,2026-05-01,504
MNRO,2026-05-01,504
MNTN,2026-05-01,237
MORN,2026-05-01,504
MOS,2026-05-01,504
MPLT,2026-05-01,129
MPT,2026-05-01,504
MRAM,2026-05-01,504
MRCY,2026-05-01,504
MRLN,2026-05-01,354
MRP,2026-05-01,311
MRTN,2026-05-01,504
MRX,2026-05-01,504
MSDL,2026-05-01,504
MSGE,2026-05-01,503
MSM,2026-05-01,504
MTCH,2026-05-01,504
MTDR,2026-05-01,504
MTG,2026-05-01,504
MTH,2026-05-01,504
MTN,2026-05-01,504
MUR,2026-05-01,504
MUSA,2026-04-29,502
MUX,2026-05-01,504
MWA,2026-05-01,504
MWH,2026-05-01,55
MXL,2026-05-01,504
MZTI,2026-05-01,504
NABL,2026-05-01,504
NAMS,2026-05-01,504
NAT,2026-05-01,504
NATL,2026-05-01,504
NAVI,2026-05-01,504
NAVN,2026-05-01,126
NB,2026-05-01,504
NBBK,2026-05-01,504
NBHC,2026-05-01,504
NBR,2026-05-01,504
NCLH,2026-05-01,504
NCNO,2026-05-01,504
NE,2026-05-01,504
NEO,2026-05-01,504
NEOG,2026-05-01,504
NESR,2026-05-01,456
NEXA,2026-05-01,504
NEXT,2026-05-01,504
NFG,2026-05-01,504
NHI,2026-05-01,504
NIQ,2026-05-01,196
NJR,2026-05-01,504
NKLR,2026-05-01,144
NKTR,2026-05-01,504
NMAX,2026-05-01,274
NMFC,2026-05-01,504
NMIH,2026-05-01,504
NMRK,2026-05-01,504
NN,2026-05-01,504
NNE,2026-05-01,497
NNN,2026-05-01,504
NOG,2026-05-01,504
NOMD,2026-05-01,504
NOV,2026-05-01,504
NOVT,2026-05-01,504
NP,2026-05-01,147
NPKI,2026-05-01,504
NRDS,2026-05-01,504
NRIX,2026-05-01,504
NSA,2026-05-01,504
NSIT,2026-05-01,504
NSP,2026-05-01,504
NTCT,2026-05-01,504
NTGR,2026-05-01,504
NTLA,2026-05-01,504
NTSK,2026-05-01,156
NTST,2026-05-01,504
NUCL,2026-05-01,47
NUS,2026-05-01,504
NUVL,2026-05-01,504
NVAX,2026-05-01,504
NVCR,2026-05-01,504
NVGS,2026-05-01,504
NVRI,2026-05-01,504
NVST,2026-05-01,504
NVTS,2026-05-01,504
NWBI,2026-05-01,504
NWE,2026-05-01,504
NX,2026-05-01,503
NXE,2026-05-01,504
NXST,2026-04-29,501
OBDC,2026-05-01,504
OC,2026-05-01,504
OCFC,2026-05-01,504
OCS,2026-05-01,504
OCSL,2026-05-01,504
OCUL,2026-05-01,504
ODD,2026-05-01,504
OEC,2026-05-01,504
OFG,2026-05-01,504
OFRM,2026-05-01,59
OGE,2026-05-01,504
OGN,2026-05-01,504
OGS,2026-05-01,504
OI,2026-05-01,504
OII,2026-05-01,504
OIS,2026-05-01,504
OLED,2026-05-01,504
OLLI,2026-05-01,504
OLMA,2026-05-01,504
OLN,2026-05-01,504
OMCL,2026-05-01,504
OMDA,2026-05-01,227
OMER,2026-05-01,504
OMF,2026-05-01,504
ONB,2026-05-01,504
ONDS,2026-05-01,504
OPCH,2026-05-01,504
OPEN,2026-05-01,504
OPFI,2026-05-01,504
OPLN,2026-05-01,504
OPTX,2026-05-01,501
OR,2026-05-01,504
ORA,2026-05-01,504
ORC,2026-05-01,504
ORI,2026-05-01,504
ORIC,2026-05-01,504
ORKA,2026-05-01,504
OSBC,2026-05-01,504
OSCR,2026-05-01,504
OSK,2026-05-01,504
OSPN,2026-05-01,504
OSW,2026-05-01,504
OTEX,2026-05-01,504
OTF,2026-05-01,223
OTTR,2026-04-29,502
OUST,2026-05-01,504
OUT,2026-05-01,504
OZK,2026-05-01,504
PACK,2026-05-01,501
PACS,2026-05-01,504
PAGP,2026-05-01,504
PAGS,2026-05-01,504
PANL,2026-05-01,504
PAR,2026-05-01,504
PARR,2026-05-01,504
PATH,2026-05-01,504
PATK,2026-05-01,504
PAX,2026-05-01,504
PAY,2026-05-01,504
PAYC,2026-05-01,504
PAYO,2026-05-01,503
PAYS,2026-05-01,504
PB,2026-05-01,504
PBF,2026-05-01,504
PBH,2026-05-01,504
PBI,2026-05-01,504
PCOR,2026-05-01,504
PCRX,2026-05-01,504
PCT,2026-05-01,504
PCTY,2026-05-01,504
PCVX,2026-05-01,504
PD,2026-05-01,504
PDFS,2026-05-01,504
PDM,2026-05-01,504
PEB,2026-05-01,504
PEBO,2026-05-01,504
PECO,2026-05-01,504
PEGA,2026-05-01,504
PENG,2026-05-01,504
PENN,2026-05-01,504
PFLT,2026-05-01,504
PFS,2026-05-01,504
PFSI,2026-05-01,504
PGNY,2026-05-01,504
PGY,2026-05-01,504
PHAT,2026-05-01,504
PHIN,2026-05-01,501
PHR,2026-05-01,504
PHVS,2026-05-01,501
PI,2026-05-01,504
PICS,2026-04-29,63
PII,2026-05-01,504
PIPR,2026-05-01,504
PJT,2026-05-01,504
PK,2026-05-01,504
PKST,2026-05-01,504
PLAB,2026-05-01,504
PLAY,2026-05-01,504
PLNT,2026-05-01,504
PLXS,2026-05-01,504
PMT,2026-05-01,504
POET,2026-05-01,504
POOL,2026-05-01,504
POR,2026-05-01,504
POST,2026-05-01,504
POWI,2026-05-01,504
POWL,2026-04-29,502
PPC,2026-05-01,504
PPTA,2026-05-01,504
PRA,2026-05-01,504
PRAA,2026-05-01,503
PRAX,2026-05-01,504
PRCH,2026-05-01,504
PRCT,2026-05-01,504
PRDO,2026-05-01,504
PRG,2026-05-01,504
PRGO,2026-05-01,504
PRGS,2026-05-01,504
PRIM,2026-05-01,504
PRKS,2026-05-01,504
PRM,2026-05-01,504
PRMB,2026-05-01,504
PRTA,2026-05-01,504
PRVA,2026-05-01,504
PSIX,2026-05-01,504
PSN,2026-05-01,504
PSNL,2026-05-01,503
PTCT,2026-05-01,504
PTEN,2026-05-01,504
PTGX,2026-05-01,504
PTLO,2026-05-01,504
PTON,2026-05-01,504
PTRN,2026-05-01,155
PUBM,2026-05-01,504
PUMP,2026-05-01,504
PURR,2026-05-01,103
PVH,2026-05-01,504
PWP,2026-05-01,504
PZZA,2026-05-01,504
QBTS,2026-05-01,504
QDEL,2026-05-01,504
QGEN,2026-05-01,504
QLYS,2026-05-01,504
QNST,2026-05-01,504
QRVO,2026-05-01,504
QS,2026-05-01,504
QTWO,2026-05-01,504
QUBT,2026-05-01,504
QURE,2026-05-01,504
R,2026-05-01,504
RAL,2026-05-01,215
RAMP,2026-05-01,504
RAPP,2026-04-29,474
RARE,2026-05-01,504
RCAT,2026-05-01,504
RCUS,2026-05-01,504
RDN,2026-05-01,504
RDNT,2026-05-01,504
RDW,2026-05-01,504
REAL,2026-05-01,504
RELY,2026-05-01,504
RES,2026-05-01,504
REXR,2026-05-01,504
REYN,2026-05-01,504
REZI,2026-05-01,504
RGEN,2026-05-01,504
RGNX,2026-05-01,504
RGTI,2026-05-01,504
RH,2026-05-01,504
RHI,2026-05-01,504
RHP,2026-05-01,504
RIG,2026-05-01,504
RIGL,2026-04-29,501
RILY,2026-05-01,501
RIOT,2026-05-01,504
RITM,2026-05-01,504
RLAY,2026-05-01,504
RLI,2026-05-01,504
RLJ,2026-05-01,504
RLMD,2026-05-01,504
RMAX,2026-05-01,504
RMIX,2026-04-29,19
RNG,2026-05-01,504
RNGR,2026-05-01,504
RNST,2026-05-01,504
RNW,2026-05-01,504
ROAD,2026-05-01,504
ROCK,2026-05-01,504
ROG,2026-05-01,503
RPC,2026-05-01,504
RPD,2026-05-01,504
RRR,2026-05-01,504
RSI,2026-05-01,504
RUM,2026-05-01,504
RUN,2026-05-01,504
RUSHA,2026-05-01,504
RVLV,2026-05-01,504
RVTY,2026-05-01,504
RWT,2026-05-01,504
RXO,2026-05-01,504
RXST,2026-05-01,501
RYAM,2026-05-01,504
RYAN,2026-05-01,504
RYN,2026-05-01,504
RYTM,2026-05-01,504
S,2026-05-01,504
SA,2026-05-01,504
SAFE,2026-05-01,504
SAIC,2026-05-01,504
SAIL,2026-05-01,305
SARO,2026-05-01,396
SATL,2026-05-01,504
SB,2026-05-01,504
SBCF,2026-05-01,504
SBET,2026-05-01,504
SBGI,2026-05-01,504
SBH,2026-05-01,504
SBLK,2026-05-01,504
SBRA,2026-05-01,504
SCHL,2026-05-01,504
SCVL,2026-04-29,502
SCZM,2026-05-01,504
SD,2026-04-29,501
SDGR,2026-05-01,504
SDRL,2026-05-01,504
SEDG,2026-05-01,504
SEI,2026-05-01,504
SEM,2026-05-01,504
SEPN,2026-05-01,379
SERV,2026-05-01,504
SEZL,2026-05-01,504
SFL,2026-05-01,504
SFM,2026-05-01,504
SFNC,2026-05-01,504
SG,2026-05-01,504
SGHC,2026-05-01,504
SGML,2026-05-01,504
SGMT,2026-05-01,503
SGRY,2026-05-01,504
SHAK,2026-05-01,504
SHAZ,2026-05-01,52
SHC,2026-05-01,504
SHEN,2026-05-01,504
SHLS,2026-05-01,504
SHMD,2026-05-01,501
SHO,2026-05-01,504
SHOO,2026-05-01,504
SIBN,2026-05-01,504
SIG,2026-05-01,504
SIGI,2026-05-01,504
SILA,2026-05-01,472
SION,2026-05-01,309
SIRI,2026-05-01,504
SITE,2026-05-01,504
SKE,2026-05-01,504
SKT,2026-05-01,504
SKWD,2026-05-01,504
SKY,2026-05-01,504
SKYT,2026-05-01,504
SKYW,2026-05-01,504
SLAB,2026-05-01,504
SLDB,2026-05-01,504
SLDE,2026-05-01,219
SLG,2026-05-01,504
SLGN,2026-05-01,504
SLM,2026-05-01,504
SLNO,2026-05-01,504
SLRC,2026-05-01,504
SLVM,2026-05-01,504
SM,2026-05-01,504
SMA,2026-05-01,272
SMG,2026-05-01,504
SMPL,2026-05-01,504
SMR,2026-05-01,504
SMTC,2026-04-29,502
SNAP,2026-04-29,502
SNCY,2026-05-01,504
SNDA,2026-05-01,504
SNDR,2026-05-01,504
SNDX,2026-05-01,504
SNEX,2026-05-01,504
SOBO,2026-05-01,395
SOC,2026-05-01,504
SON,2026-05-01,504
SONO,2026-05-01,504
SOUN,2026-05-01,504
SPHR,2026-05-01,504
SPIR,2026-05-01,504
SPNT,2026-05-01,504
SPRY,2026-05-01,504
SPSC,2026-05-01,504
SPT,2026-05-01,504
SPY,2026-05-01,504
SR,2026-04-29,502
SRAD,2026-05-01,504
SRPT,2026-05-01,504
SRRK,2026-05-01,504
SRTA,2026-05-01,501
SSB,2026-05-01,504
SSD,2026-05-01,504
SSRM,2026-05-01,504
SSYS,2026-05-01,504
ST,2026-05-01,504
STAA,2026-05-01,504
STAG,2026-05-01,504
STEP,2026-05-01,504
STGW,2026-05-01,504
STKL,2026-04-29,502
STNE,2026-05-01,504
STNG,2026-05-01,504
STOK,2026-05-01,504
STRA,2026-05-01,504
STTK,2026-05-01,504
STUB,2026-05-01,157
STVN,2026-05-01,504
STWD,2026-05-01,504
SUNC,2026-05-01,121
SUPN,2026-05-01,504
SVCO,2026-05-01,496
SVRA,2026-05-01,501
SVV,2026-05-01,504
SWBI,2026-05-01,504
SWIM,2026-05-01,504
SWKS,2026-04-29,502
SWMR,2026-05-01,33
SWX,2026-05-01,504
SXC,2026-05-01,504
SXT,2026-05-01,504
SYNA,2026-05-01,504
SYRE,2026-05-01,504
TAC,2026-05-01,504
TALK,2026-05-01,504
TALO,2026-05-01,504
TAP,2026-05-01,504
TARS,2026-05-01,504
TASK,2026-05-01,504
TBBB,2026-04-29,502
TBBK,2026-05-01,504
TBPH,2026-05-01,504
TBRG,2026-05-01,504
TCBI,2026-05-01,504
TDAY,2026-05-01,504
TDC,2026-05-01,504
TDOC,2026-05-01,504
TDS,2026-05-01,504
TDW,2026-05-01,504
TE,2026-05-01,501
TECH,2026-05-01,504
TEM,2026-05-01,471
TENB,2026-05-01,504
TERN,2026-05-01,504
TEX,2026-05-01,504
TFIN,2026-05-01,504
TFPM,2026-05-01,504
TFSL,2026-05-01,504
TFX,2026-05-01,504
TGTX,2026-05-01,504
TH,2026-05-01,504
THO,2026-05-01,504
THR,2026-05-01,504
THRM,2026-05-01,504
TIC,2026-05-01,303
TILE,2026-05-01,504
TIPT,2026-05-01,503
TK,2026-05-01,504
TKR,2026-05-01,504
TLRY,2026-05-01,504
TMC,2026-05-01,501
TMDX,2026-05-01,504
TMHC,2026-05-01,504
TNC,2026-05-01,504
TNDM,2026-05-01,504
TNET,2026-05-01,504
TNGX,2026-05-01,504
TNK,2026-05-01,504
TNL,2026-05-01,504
TOWN,2026-05-01,504
TPB,2026-05-01,504
TPC,2026-05-01,504
TPH,2026-05-01,504
TREE,2026-05-01,501
TREX,2026-05-01,504
TRIN,2026-05-01,504
TRIP,2026-05-01,504
TRMD,2026-05-01,504
TRMK,2026-05-01,504
TRN,2026-05-01,504
TRNO,2026-05-01,504
TROX,2026-05-01,504
TRS,2026-05-01,504
TRTX,2026-05-01,504
TRUP,2026-05-01,504
TRVI,2026-05-01,504
TSHA,2026-05-01,504
TSLX,2026-05-01,504
TSSI,2026-05-01,504
TTAN,2026-05-01,346
TTC,2026-05-01,504
TTEK,2026-05-01,504
TTGT,2026-05-01,504
TTI,2026-05-01,504
TVTX,2026-05-01,504
TWI,2026-05-01,504
TWO,2026-05-01,504
TWST,2026-05-01,504
TXG,2026-05-01,504
TXNM,2026-05-01,504
TYRA,2026-05-01,504
UA,2026-05-01,504
UAA,2026-05-01,504
UAMY,2026-05-01,504
UBSI,2026-05-01,504
UCB,2026-05-01,504
UCTT,2026-05-01,504
UE,2026-05-01,504
UFPI,2026-05-01,504
UGI,2026-05-01,504
UMBF,2026-05-01,504
UMH,2026-05-01,504
UNFI,2026-05-01,504
UNIT,2026-05-01,504
UPB,2026-05-01,389
UPBD,2026-05-01,504
UPST,2026-05-01,504
UPWK,2026-05-01,504
URBN,2026-05-01,504
URGN,2026-05-01,504
USAR,2026-05-01,504
UTI,2026-05-01,504
UTZ,2026-05-01,504
VAC,2026-05-01,504
VACI,2026-04-29,109
VAL,2026-05-01,504
VC,2026-05-01,504
VCEL,2026-05-01,504
VCTR,2026-05-01,504
VCYT,2026-05-01,504
VECO,2026-05-01,504
VELO,2026-05-01,504
VERA,2026-05-01,504
VERX,2026-05-01,504
VET,2026-05-01,504
VFC,2026-05-01,504
VGNT,2026-05-01,25
VIA,2026-05-01,160
VIR,2026-05-01,504
VIRT,2026-05-01,504
VISN,2026-05-01,504
VITL,2026-05-01,504
VKTX,2026-05-01,504
VLY,2026-05-01,504
VNDA,2026-05-01,504
VNO,2026-05-01,504
VNT,2026-05-01,504
VOR,2026-05-01,504
VOXR,2026-05-01,501
VOYA,2026-05-01,504
VOYG,2026-05-01,224
VRDN,2026-05-01,504
VRE,2026-05-01,504
VREX,2026-05-01,501
VRNS,2026-05-01,504
VRRM,2026-05-01,504
VSAT,2026-05-01,504
VSCO,2026-05-01,504
VSEC,2026-05-01,504
VSH,2026-05-01,504
VSNT,2026-05-01,95
VSTM,2026-05-01,504
VSTS,2026-05-01,504
VTS,2026-05-01,504
VVV,2026-05-01,504
VVX,2026-05-01,504
VYX,2026-05-01,504
W,2026-05-01,504
WAFD,2026-05-01,504
WAL,2026-05-01,504
WASH,2026-05-01,501
WAY,2026-05-01,476
WBI,2026-05-01,157
WEAV,2026-05-01,501
WEN,2026-05-01,504
WERN,2026-05-01,504
WEST,2026-05-01,504
WEX,2026-05-01,504
WFRD,2026-05-01,504
WGO,2026-05-01,504
WGS,2026-05-01,504
WH,2026-05-01,504
WHD,2026-05-01,504
WHR,2026-05-01,504
WING,2026-05-01,504
WIX,2026-05-01,504
WK,2026-05-01,504
WKC,2026-05-01,504
WLDN,2026-05-01,504
WLTH,2026-05-01,95
WLY,2026-05-01,504
WNC,2026-05-01,504
WOLF,2026-05-01,149
WRBY,2026-05-01,504
WSBC,2026-05-01,504
WSC,2026-05-01,504
WSFS,2026-05-01,504
WSR,2026-05-01,504
WT,2026-05-01,504
WTFC,2026-04-29,502
WTS,2026-04-29,502
WTTR,2026-05-01,504
WU,2026-05-01,504
WULF,2026-04-29,502
WVE,2026-05-01,504
WWW,2026-05-01,504
WYFI,2026-05-01,185
XENE,2026-05-01,504
XERS,2026-05-01,504
XHR,2026-05-01,504
XIFR,2026-05-01,504
XMTR,2026-05-01,504
XNCR,2026-05-01,504
XNDU,2026-05-01,29
XOMA,2026-05-01,504
XP,2026-04-29,502
XPER,2026-05-01,504
XPOF,2026-04-29,501
XPRO,2026-05-01,504
XRAY,2026-05-01,504
XWIN,2026-05-01,504
XXI,2026-05-01,431
YELP,2026-05-01,504
YETI,2026-05-01,504
YOU,2026-05-01,504
YSS,2026-05-01,65
Z,2026-04-29,502
ZBIO,2026-05-01,409
ZD,2026-05-01,504
ZETA,2026-05-01,504
ZG,2026-04-29,502
ZGN,2026-05-01,504
ZIM,2026-05-01,504
ZION,2026-05-01,504
ZURA,2026-05-01,503
ZVRA,2026-05-01,504
ZWS,2026-05-01,504
ZYME,2026-05-01,504
