date,channel,net_thrust,wt1,wt2,cross_type,is_low_conviction_day
2024-12-23,fast,-0.017964,,,NONE,False
2024-12-23,slow,-0.017964,,,NONE,False
2024-12-24,fast,0.035982,200.00000000000003,,NONE,False
2024-12-24,slow,0.035982,366.6666666666667,,NONE,False
2024-12-26,fast,0.005,168.0608162413467,,NONE,False
2024-12-26,slow,0.005,340.98730719879325,,NONE,False
2024-12-27,fast,0.021479,152.79194310127787,,NONE,False
2024-12-27,slow,0.021479,322.2402437654529,,NONE,False
2024-12-30,fast,-0.030378,104.9459763482023,156.44968392270673,NONE,False
2024-12-30,slow,-0.030378,282.02027906272076,327.9786241734084,NONE,False
2024-12-31,fast,0.045319,104.65302382164577,132.61293987811817,NONE,False
2024-12-31,slow,0.045319,270.0824438658245,303.83256847319785,NONE,False
2025-01-01,fast,0.092537,105.82470818325376,117.05391286359492,NONE,False
2025-01-01,slow,0.092537,261.0522017212914,283.8487921038224,NONE,False
2025-01-02,fast,0.054229,91.5719879439354,101.7489240742593,NONE,False
2025-01-02,slow,0.054229,243.3686954605608,264.13090502759934,NONE,False
2025-01-03,fast,0.044279,75.06322871891392,94.27823716693722,NONE,False
2025-01-03,slow,0.044279,224.7638230208776,249.81679101713857,NONE,False
2025-01-06,fast,-0.390765,28.798997892839786,75.31473068473572,NONE,False
2025-01-06,slow,-0.390765,179.49014760006213,227.16871695069798,NONE,False
2025-01-07,fast,0.100945,37.5405291105118,58.24368591655023,NONE,False
2025-01-07,slow,0.100945,171.28050330110287,204.72579234565083,NONE,False
2025-01-08,fast,-0.000994,33.81336710731224,43.80403070739443,NONE,False
2025-01-08,slow,-0.000994,156.95147086130558,183.12148619583704,NONE,False
2025-01-09,fast,-0.043198,24.964027855494283,31.279230491539526,NONE,False
2025-01-09,slow,-0.043198,140.72587158869243,162.11199833779077,NONE,False
2025-01-10,fast,-0.179245,4.097666855478465,25.103897732199197,NONE,False
2025-01-10,slow,-0.179245,117.9380907382818,146.72398412234566,NONE,False
2025-01-13,fast,-0.506203,-20.557975788671545,10.57927150740336,NONE,False
2025-01-13,slow,-0.506203,90.06598341335493,126.42035415040868,NONE,False
2025-01-14,fast,0.177435,0.6285225278601452,2.283060362540337,NONE,False
2025-01-14,slow,0.177435,91.8745637700121,110.15112737758533,NONE,False
2025-01-15,fast,0.039722,7.350005078484257,-2.1204453317121694,BULL_CROSS,False
2025-01-15,slow,0.039722,87.54827088119706,96.85672720071148,NONE,False
2025-01-16,fast,0.102284,14.941265764013878,0.5904543954216837,NONE,False
2025-01-16,slow,0.102284,85.14765205272883,88.65911752932323,NONE,False
2025-01-17,fast,0.033267,14.728494380163642,9.41207193763048,NONE,False
2025-01-17,slow,0.033267,79.80764512672349,86.09453295766536,NONE,False
2025-01-20,fast,0.075855,18.52759735187419,13.886840643633992,NONE,False
2025-01-20,slow,0.075855,76.50180694590111,82.25134375163762,NONE,False
2025-01-21,fast,-0.071889,3.7999622443810424,12.999329935108188,BEAR_CROSS,False
2025-01-21,slow,-0.071889,66.11721337269414,76.89357937451189,NONE,False
2025-01-22,fast,-0.088337,-6.999023032067207,7.514257736087917,NONE,False
2025-01-22,slow,-0.088337,56.236288619185935,69.66573851612617,NONE,False
2025-01-23,fast,0.031281,2.5351009749466513,4.46590938478367,NONE,False
2025-01-23,slow,0.031281,54.359887433446346,63.303799092806884,NONE,False
2025-01-24,fast,-0.108577,-10.798910297421653,-2.865717527540291,NONE,False
2025-01-24,slow,-0.108577,44.06152985733458,55.19372982066525,NONE,False
2025-01-27,fast,-0.417615,-33.13347193027119,-12.09907607120335,NONE,False
2025-01-27,slow,-0.417615,25.09072491111848,44.93710770527133,NONE,False
2025-01-28,fast,-0.099505,-21.50603696145174,-15.725829553549483,NONE,False
2025-01-28,slow,-0.099505,22.958098863384834,36.617560266321064,NONE,False
2025-01-29,fast,0.243685,3.0812142980753627,-15.589301222767304,BULL_CROSS,False
2025-01-29,slow,0.243685,33.366706032713665,31.36926491613789,BULL_CROSS,False
2025-01-30,fast,0.021287,5.230379639363884,-11.58197873857092,NONE,False
2025-01-30,slow,0.021287,32.80714043833076,28.555667561386937,NONE,False
2025-01-31,fast,0.110946,13.660779925870907,0.11658422546460301,NONE,False
2025-01-31,slow,0.110946,35.57902158917851,31.177741730901943,NONE,False
2025-02-01,fast,0.052109,13.185375116827522,8.789437245034419,NONE,False
2025-02-01,slow,0.052109,34.91108137817853,34.165987359600365,NONE,False
2025-02-03,fast,-0.131058,-5.650842587800302,6.606423023565504,BEAR_CROSS,False
2025-02-03,slow,-0.131058,25.365863240925126,32.16577666165323,BEAR_CROSS,False
2025-02-04,fast,0.073617,4.930955909464521,6.531567091090663,NONE,False
2025-02-04,slow,0.073617,27.532301186559035,30.8470668487103,NONE,False
2025-02-05,fast,0.09545,13.622981186045656,6.522117406134349,BULL_CROSS,False
2025-02-05,slow,0.09545,29.951413953995782,29.440164939914617,BULL_CROSS,False
2025-02-06,fast,0.026186,8.75192951636154,5.413756006017854,NONE,False
2025-02-06,slow,0.026186,27.83529656376957,27.67121873631238,NONE,False
2025-02-07,fast,-0.009383,-1.3657606101049256,6.485026500441698,BEAR_CROSS,False
2025-02-07,slow,-0.009383,23.377567342931346,27.174144761813935,BEAR_CROSS,False
2025-02-10,fast,-0.144614,-21.5617283047517,-0.1381445531123573,NONE,False
2025-02-10,slow,-0.144614,11.623958875786176,23.197059184120718,NONE,False
2025-02-11,fast,-0.346457,-39.971163833863,-13.536680808089521,NONE,False
2025-02-11,slow,-0.346457,-3.6176401384741723,14.80479566100323,NONE,False
2025-02-12,fast,-0.029571,-23.866202831583927,-21.69121389507589,NONE,False
2025-02-12,slow,-0.029571,-1.032173623894621,7.587928114087182,NONE,False
2025-02-13,fast,-0.006897,-10.732257142502288,-24.032838028175227,BULL_CROSS,False
2025-02-13,slow,-0.006897,2.3192819035886476,2.3233567542515074,NONE,False
2025-02-14,fast,-0.343195,-27.315847979999543,-25.47136794698719,BEAR_CROSS,False
2025-02-14,slow,-0.343195,-9.947417884442018,-3.069487435805541,NONE,False
2025-02-17,fast,-0.118052,-18.417776184483053,-20.0830210346422,BULL_CROSS,False
2025-02-17,slow,-0.118052,-9.525728560743609,-4.546509541372901,NONE,False
2025-02-18,fast,-0.191626,-20.291928058407947,-19.189452341348208,BEAR_CROSS,False
2025-02-18,slow,-0.191626,-13.034276280902176,-7.547035205624789,NONE,False
2025-02-19,fast,0.215551,6.853879312590603,-14.792918227574983,BULL_CROSS,False
2025-02-19,slow,0.215551,1.540289534442051,-7.741783297911438,BULL_CROSS,False
2025-02-20,fast,0.129921,16.46170389842561,-3.8485302579686964,NONE,False
2025-02-20,slow,0.129921,8.65644715891175,-3.0908170370729957,NONE,False
2025-02-21,fast,0.011799,12.747774849447623,3.9428575005139725,NONE,False
2025-02-21,slow,0.011799,9.603770087797,1.6915576250621562,NONE,False
2025-02-24,fast,-0.051055,2.717980811000368,9.695334717866052,BEAR_CROSS,False
2025-02-24,slow,-0.051055,7.193589872572742,6.748524163430886,NONE,False
2025-02-25,fast,-0.005894,2.2113171902411715,8.534694187278694,NONE,False
2025-02-25,slow,-0.005894,7.758843845444029,8.30316274118138,BEAR_CROSS,False
2025-02-27,fast,-0.16634,-17.468856730514297,0.05205403004371689,NONE,False
2025-02-27,slow,-0.16634,-0.9343796176014019,5.905456047053093,NONE,False
2025-02-28,fast,-0.265456,-32.66566714344347,-11.301306468179057,NONE,False
2025-02-28,slow,-0.265456,-11.05979350491177,0.7395651488758999,NONE,False
2025-03-03,fast,-0.153206,-29.805555148890843,-19.432190458151858,NONE,False
2025-03-03,slow,-0.153206,-13.422934563157032,-4.414565960056544,NONE,False
2025-03-04,fast,0.066176,-5.998879027037546,-21.48473951247154,BULL_CROSS,False
2025-03-04,slow,0.066176,-4.21223868753679,-7.407336593301749,BULL_CROSS,False
2025-03-05,fast,0.279491,15.674109633653309,-13.198997921429637,NONE,False
2025-03-05,slow,0.279491,8.875716218766144,-4.954812634209862,NONE,False
2025-03-06,fast,0.152302,20.23721771399433,0.02672329292981246,NONE,False
2025-03-06,slow,0.152302,13.887939771082586,1.2821206847887265,NONE,False
2025-03-07,fast,0.096427,17.998075038685528,11.977630839823906,NONE,False
2025-03-07,slow,0.096427,15.638670663412292,8.547521991431058,NONE,False
2025-03-10,fast,-0.222331,-5.8055815364909265,12.025955212460559,BEAR_CROSS,False
2025-03-10,slow,-0.222331,4.925256768879526,10.831895855535137,BEAR_CROSS,False
2025-03-11,fast,-0.052838,-8.07158869633939,6.089530629962385,NONE,False
2025-03-11,slow,-0.052838,2.7331423159534456,9.296252379831962,NONE,False
2025-03-12,fast,-0.028404,-6.609715124827003,-0.622202579742948,NONE,False
2025-03-12,slow,-0.028404,1.9918373333810881,6.322226770406588,NONE,False
2025-03-13,fast,-0.021099,-3.984818024069305,-6.117925845431657,BULL_CROSS,False
2025-03-13,slow,-0.021099,1.7658755724934108,2.8540279976768677,NONE,False
2025-03-17,fast,-0.054279,-10.024579066654994,-7.1726752279726735,BEAR_CROSS,False
2025-03-17,slow,-0.054279,-0.7444359167748649,1.4366048262632698,NONE,False
2025-03-18,fast,0.186126,16.733360773037138,-0.9714378606285416,BULL_CROSS,False
2025-03-18,slow,0.186126,11.04918606787206,3.5156157642429235,BULL_CROSS,False
2025-03-19,fast,0.208008,29.70928499808693,8.108312170099941,NONE,False
2025-03-19,slow,0.208008,19.500245245369175,7.892717742239945,NONE,False
2025-03-20,fast,0.067416,20.78202525717917,14.30002299041206,NONE,False
2025-03-20,slow,0.067416,18.852479053274394,12.16436861243519,NONE,False
2025-03-21,fast,0.127805,23.605109902128447,22.70744523260792,NONE,False
2025-03-21,slow,0.127805,21.734486021762653,17.78409909706957,NONE,False
2025-03-24,fast,0.103902,20.256993627273452,23.588353446166998,BEAR_CROSS,False
2025-03-24,slow,0.103902,22.377094792094304,20.61607627812513,NONE,False
2025-03-25,fast,-0.138957,-8.681305830891567,13.990705738922376,NONE,False
2025-03-25,slow,-0.138957,8.887345837769951,17.962851426225328,BEAR_CROSS,False
2025-03-26,fast,-0.123721,-21.135833170891157,3.511241131904794,NONE,False
2025-03-26,slow,-0.123721,0.12627756352107067,13.281301053786995,NONE,False
2025-03-27,fast,-0.000487,-13.79016579388624,-5.8375777920988785,NONE,False
2025-03-27,slow,-0.000487,-0.23121255094392773,7.78987641061035,NONE,False
2025-03-28,fast,-0.019465,-11.517050447330169,-13.781088810749784,BULL_CROSS,False
2025-03-28,slow,-0.019465,-1.8839982936454907,1.7246031391754009,NONE,False
2025-04-01,fast,0.155977,11.851940758631066,-8.647777163369126,NONE,False
2025-04-01,slow,0.155977,7.908487444111961,1.4798885407609033,BULL_CROSS,False
2025-04-02,fast,0.092899,17.38483827250952,0.9823906974810432,NONE,False
2025-04-02,slow,0.092899,11.438794317857099,4.30801772934491,NONE,False
2025-04-03,fast,0.1069,22.49967909189258,10.054851918925749,NONE,False
2025-04-03,slow,0.1069,15.026703465975096,8.122496733574666,NONE,False
2025-04-04,fast,-0.262287,-6.985262485944073,11.18779890927227,BEAR_CROSS,False
2025-04-04,slow,-0.262287,-1.128844090191187,8.311285284438242,BEAR_CROSS,False
2025-04-07,fast,-0.474708,-26.67247843473719,1.5566941109302093,NONE,False
2025-04-07,slow,-0.474708,-15.943494657384559,2.3482897590641123,NONE,False
2025-04-08,fast,0.166505,-6.931117315042037,-4.522294785957681,NONE,False
2025-04-08,slow,0.166505,-6.817955288550049,-2.2158976425376746,NONE,False
2025-04-09,fast,-0.037415,-3.8790283075033143,-11.116971635806655,BULL_CROSS,False
2025-04-09,slow,-0.037415,-5.9702520541184185,-7.465136522561053,BULL_CROSS,False
2025-04-11,fast,0.19242,10.80130840478765,-6.670328913123724,NONE,False
2025-04-11,slow,0.19242,2.5085619825626324,-6.5557850043725985,NONE,False
2025-04-15,fast,0.261165,21.636186129603153,5.406837227961362,NONE,False
2025-04-15,slow,0.261165,10.422658938734196,0.035753394657090265,NONE,False
2025-04-16,fast,0.079126,15.747063553302432,11.076382445047479,NONE,False
2025-04-16,slow,0.079126,10.634601716284264,4.3988926458656685,NONE,False
2025-04-17,fast,0.052913,8.493443351687661,14.169500359845223,BEAR_CROSS,False
2025-04-17,slow,0.052913,9.6482083318389,8.303507742354999,NONE,False
2025-04-21,fast,0.112403,11.113806467830205,14.247624875605862,NONE,False
2025-04-21,slow,0.112403,11.731555590547329,10.609256144351171,NONE,False
2025-04-22,fast,0.068413,4.878746292705221,10.058264916381379,NONE,False
2025-04-22,slow,0.068413,10.931622340071758,10.736496994685563,NONE,False
2025-04-23,fast,0.053346,-2.7467934770402676,5.434800658795704,NONE,False
2025-04-23,slow,0.053346,9.107796100410114,10.354795590717025,BEAR_CROSS,False
2025-04-24,fast,0.031068,-12.39150902216939,0.21356256533144125,NONE,False
2025-04-24,slow,0.031068,5.696944259657944,9.366979572671786,NONE,False
2025-04-25,fast,-0.249758,-37.47279893271759,-11.933088784805507,NONE,False
2025-04-25,slow,-0.249758,-10.769417650870102,3.7417362623174286,NONE,False
2025-04-28,fast,0.009681,-24.751590446040773,-19.340672969492005,NONE,False
2025-04-28,slow,0.009681,-9.26039506010443,-1.3062680877266186,NONE,False
2025-04-29,fast,0.014542,-14.58128978148692,-22.29929704560367,BULL_CROSS,False
2025-04-29,slow,0.014542,-7.540743553113033,-5.468403001107405,NONE,False
2025-04-30,fast,-0.07219,-21.29656953423465,-24.525562173619985,NONE,False
2025-04-30,slow,-0.07219,-12.64816519849421,-10.054680365645444,NONE,False
2025-05-02,fast,0.003882,-10.538413553609413,-17.79196582884294,NONE,False
2025-05-02,slow,0.003882,-10.34509075004625,-9.948598640439481,NONE,False
2025-05-05,fast,0.067797,6.239245763897694,-10.044256776358324,NONE,False
2025-05-05,slow,0.067797,-2.9007837429313676,-8.358695811146216,BULL_CROSS,False
2025-05-06,fast,-0.212209,-16.948956517718436,-10.636173460416202,BEAR_CROSS,False
2025-05-06,slow,-0.212209,-16.36850921254331,-10.565637226003783,BEAR_CROSS,False
2025-05-07,fast,0.032008,-3.52654334073517,-6.1936669120413335,BULL_CROSS,False
2025-05-07,slow,0.032008,-10.545196419935888,-10.039895031364203,NONE,False
2025-05-08,fast,-0.00969,0.4319727459327285,-3.451070337155798,NONE,False
2025-05-08,slow,-0.00969,-8.674482131836939,-9.622242876811876,BULL_CROSS,False
2025-05-09,fast,-0.018877,1.6159724910460564,-4.606888655368707,NONE,False
2025-05-09,slow,-0.018877,-7.863715749278817,-10.86297587839874,NONE,False
2025-05-12,fast,0.547654,31.593300033853176,7.5286754825241955,NONE,False
2025-05-12,slow,0.547654,15.115507846587192,-2.991971613616114,NONE,False
2025-05-13,fast,0.094477,20.849446282866126,13.62267288842452,NONE,False
2025-05-13,slow,0.094477,14.238115145792662,3.2038562778160236,NONE,False
2025-05-14,fast,0.122034,15.017876866656387,17.269148918605435,BEAR_CROSS,False
2025-05-14,slow,0.122034,14.910327657572138,9.100058725168292,NONE,False
2025-05-15,fast,0.073053,4.956777407926172,18.10435014782546,NONE,False
2025-05-15,slow,0.073053,12.312711381472784,14.144165507856194,BEAR_CROSS,False
2025-05-16,fast,0.094869,0.8448629405075452,10.417240874489055,NONE,False
2025-05-16,slow,0.094869,11.651703015513773,13.27821430008784,NONE,False
2025-05-19,fast,0.082689,-4.546310926454728,4.068301572158842,NONE,False
2025-05-19,slow,0.082689,9.916098740975963,12.197710198883664,NONE,False
2025-05-20,fast,-0.020329,-22.014779393058088,-5.189862492769777,NONE,False
2025-05-20,slow,-0.020329,0.02460454733309625,8.476279421323902,NONE,False
2025-05-21,fast,0.022254,-24.944395368347514,-12.665155686838197,NONE,False
2025-05-21,slow,0.022254,-4.095066143733866,4.374335040022241,NONE,False
2025-05-22,fast,0.022222,-26.237652862318452,-19.4357846375447,NONE,False
2025-05-22,slow,0.022222,-7.39027712904805,-0.38615999611821494,NONE,False
2025-05-23,fast,0.034833,-22.835890572621157,-24.008179549086304,BULL_CROSS,False
2025-05-23,slow,0.034833,-8.770121879682627,-5.057715151282863,NONE,False
2025-05-26,fast,0.045849,-14.928803102878087,-22.236685476541304,NONE,False
2025-05-26,slow,0.045849,-8.5309345625452,-7.196599928752436,NONE,False
2025-05-27,fast,0.031401,-17.399309000387753,-20.350413884551365,NONE,False
2025-05-27,slow,0.031401,-10.420970387054643,-8.77807598958263,NONE,False
2025-05-28,fast,0.038647,-13.132558974235435,-17.07414041253061,NONE,False
2025-05-28,slow,0.038647,-10.767730386413229,-9.622439303923926,NONE,False
2025-05-29,fast,0.019788,-24.770192643560883,-17.557715930265545,BEAR_CROSS,False
2025-05-29,slow,0.019788,-14.382276400527944,-11.025477934135255,NONE,False
2025-05-30,fast,0.017349,-31.79390855252109,-21.77399229267629,NONE,False
2025-05-30,slow,0.017349,-17.53044998876829,-13.275356790691028,NONE,False
2025-06-02,fast,0.039981,-15.102399194290905,-21.19976484115208,BULL_CROSS,False
2025-06-02,slow,0.039981,-15.017508329025475,-14.424491276183735,NONE,False
2025-06-03,fast,0.022618,-20.760712622095955,-23.106803253117214,NONE,False
2025-06-03,slow,0.022618,-17.228043715087974,-16.039569608352423,NONE,False
2025-06-04,fast,0.040924,-4.877236051613677,-18.133564105130407,NONE,False
2025-06-04,slow,0.040924,-13.695640862989222,-15.867910723967743,BULL_CROSS,False
2025-06-05,fast,0.062981,15.944630659594536,-6.198929302101503,NONE,False
2025-06-05,slow,0.062981,-4.866978764150114,-12.702042917813197,NONE,False
2025-06-06,fast,0.055262,22.26023325018716,3.1417288090180135,NONE,False
2025-06-06,slow,0.055262,-0.08458736257848187,-8.96881267620145,NONE,False
2025-06-09,fast,0.083173,37.25182398576992,17.644862960984483,NONE,False
2025-06-09,slow,0.083173,9.935697001129475,-2.1778774971470867,NONE,False
2025-06-10,fast,0.048054,23.517879578262015,24.743641868453405,BEAR_CROSS,False
2025-06-10,slow,0.048054,8.331559782422184,3.328922664205765,NONE,False
2025-06-11,fast,0.058117,21.70984951808162,26.184946583075174,NONE,False
2025-06-11,slow,0.058117,10.307410540028421,7.122519990250399,NONE,False
2025-06-12,fast,-0.018741,-8.914104121538426,18.391362240143778,NONE,False
2025-06-12,slow,-0.018741,-6.076790372707247,5.624469237718207,BEAR_CROSS,False
2025-06-13,fast,-0.003844,-19.65562883605198,4.164499034688305,NONE,False
2025-06-13,slow,-0.003844,-14.041514126237916,-0.3698335441236398,NONE,False
2025-06-16,fast,0.030216,-11.208971359295756,-4.517213699701138,NONE,False
2025-06-16,slow,0.030216,-12.945282029559536,-5.68904399711907,NONE,False
2025-06-17,fast,-0.003839,-21.429057427101924,-15.301940435997023,NONE,False
2025-06-17,slow,-0.003839,-19.64405124097162,-13.17690944236908,NONE,False
2025-06-18,fast,0.006715,-21.973295105843903,-18.566738182073394,NONE,False
2025-06-18,slow,0.006715,-22.16413548131399,-17.198745719520765,NONE,False
2025-06-19,fast,-0.066187,-41.90181907925683,-24.128285742874603,NONE,False
2025-06-19,slow,-0.066187,-34.70984022915234,-22.36582724524937,NONE,False
2025-06-20,fast,0.03977,-19.496209222539253,-26.20009520868548,BULL_CROSS,False
2025-06-20,slow,0.03977,-25.771277109323293,-25.572326015190313,NONE,False
2025-06-23,fast,0.022945,-9.472270047522386,-23.210898363790598,NONE,False
2025-06-23,slow,0.022945,-21.254915179032345,-25.975041999705493,BULL_CROSS,False
2025-06-24,fast,0.044498,4.009636204475607,-16.71516553621072,NONE,False
2025-06-24,slow,0.044498,-13.378219777274388,-23.778563073695594,NONE,False
2025-06-25,fast,0.089952,21.13896393044919,-0.9549697837842128,NONE,False
2025-06-25,slow,0.089952,-1.0523534513685888,-15.364191379249654,NONE,False
2025-06-26,fast,0.025825,11.237214965356472,6.728386263189718,NONE,False
2025-06-26,slow,0.025825,-2.1272233649447676,-9.453177943155023,NONE,False
2025-06-27,fast,0.044019,11.840288426548831,12.056525881707524,BEAR_CROSS,False
2025-06-27,slow,0.044019,0.7784591103606224,-3.9448343708067806,NONE,False
2025-06-30,fast,0.060201,19.62311755977774,15.959896220533055,BULL_CROSS,False
2025-06-30,slow,0.060201,6.3759651049797474,0.9937118497567534,NONE,False
2025-07-01,fast,0.030144,6.814999076025128,12.378905006927042,BEAR_CROSS,False
2025-07-01,slow,0.030144,3.8301400460624184,2.2143352241145053,NONE,False
2025-07-02,fast,0.017217,-7.3199706892889855,7.739608593265676,NONE,False
2025-07-02,slow,0.017217,-1.461004244562758,2.3808900042100074,BEAR_CROSS,False
2025-07-03,fast,0.031026,-7.692873856772837,2.8563180224352593,NONE,False
2025-07-03,slow,0.031026,-1.9905421887946457,1.6886396794211906,NONE,False
2025-07-04,fast,0.031429,-7.493575164809528,-3.9228551587115574,NONE,False
2025-07-04,slow,0.031429,-2.3149778728640387,-0.484096065039756,NONE,False
2025-07-07,fast,0.016167,-21.513588479713228,-11.005002047646146,NONE,False
2025-07-07,slow,0.016167,-8.096968556539355,-3.4658732156901992,NONE,False
2025-07-08,fast,0.021429,-24.01429767427165,-15.17858379389181,NONE,False
2025-07-08,slow,0.021429,-10.644102228825329,-5.761647711755842,NONE,False
2025-07-09,fast,0.036702,-6.403452251196706,-14.85622839249778,BULL_CROSS,False
2025-07-09,slow,0.036702,-5.919723012593529,-6.743942917705563,BULL_CROSS,False
2025-07-10,fast,0.033793,1.515670819942331,-12.603916896309816,NONE,False
2025-07-10,slow,0.033793,-3.3142375530291184,-6.993757837746833,NONE,False
2025-07-11,fast,0.013308,-16.801707737730244,-11.425946710814069,BEAR_CROSS,False
2025-07-11,slow,0.013308,-10.97906689049326,-7.714282421235309,BEAR_CROSS,False
2025-07-14,fast,0.02845,-8.792463336855608,-7.620488126460058,NONE,False
2025-07-14,slow,0.02845,-9.341372589007689,-7.388600011280898,NONE,False
2025-07-15,fast,0.049881,13.598584789203198,-2.619978866360083,BULL_CROSS,False
2025-07-15,slow,0.049881,1.976528409571296,-5.414537155739692,BULL_CROSS,False
2025-07-16,fast,0.04133,18.73221325100054,1.68415674140447,NONE,False
2025-07-16,slow,0.04133,6.574781604521872,-2.9422823663519444,NONE,False
2025-07-17,fast,0.026591,4.5859570992328464,7.0310729506452425,BEAR_CROSS,False
2025-07-17,slow,0.026591,2.3662379113411958,0.3940438341066689,NONE,False
2025-07-18,fast,0.019924,-9.823952907098528,6.773200558084511,NONE,False
2025-07-18,slow,0.019924,-4.276066389862104,1.6603703838930652,BEAR_CROSS,False
2025-07-21,fast,0.012305,-22.961141290603408,-2.3667309618671393,NONE,False
2025-07-21,slow,0.012305,-12.34506994705578,-1.9200292052637038,NONE,False
2025-07-22,fast,0.009009,-31.442710992894348,-14.91046202284086,NONE,False
2025-07-22,slow,0.009009,-19.145910963416156,-8.35020234724821,NONE,False
2025-07-23,fast,0.010895,-33.657312709098804,-24.471279474923772,NONE,False
2025-07-23,slow,0.010895,-23.115876300936073,-14.720730900317527,NONE,False
2025-07-24,fast,0.006632,-37.95090058364818,-31.503016394061184,NONE,False
2025-07-24,slow,0.006632,-27.51363072012807,-20.53012198288402,NONE,False
2025-07-25,fast,-0.051136,-58.19235389261071,-40.31081954456302,NONE,False
2025-07-25,slow,-0.051136,-42.769958192634036,-28.136344044278584,NONE,False
2025-07-28,fast,-0.062825,-65.3360975830894,-48.784166192111776,NONE,False
2025-07-28,slow,-0.062825,-51.91397048566883,-36.32835892484175,NONE,False
2025-07-29,fast,0.06389,-33.49456884025082,-48.74348022489978,BULL_CROSS,False
2025-07-29,slow,0.06389,-36.2272953998279,-39.606213699564705,BULL_CROSS,False
2025-07-30,fast,0.033617,-19.596148759221453,-44.154792268793095,NONE,False
2025-07-30,slow,0.033617,-28.427029005451367,-39.83456327089553,NONE,False
2025-07-31,fast,-0.001892,-21.20795486747142,-34.908692512508274,NONE,False
2025-07-31,slow,-0.001892,-28.27953429495309,-36.2119572964753,NONE,False
2025-08-01,fast,-0.050943,-33.722306976349174,-27.00524486082322,BEAR_CROSS,False
2025-08-01,slow,-0.050943,-35.36966083594347,-32.07587988404396,BEAR_CROSS,False
2025-08-04,fast,0.038172,-14.48631305189041,-22.253180913733114,BULL_CROSS,False
2025-08-04,slow,0.038172,-25.736030866019973,-29.453063750591973,BULL_CROSS,False
2025-08-05,fast,0.000472,-13.618048016419328,-20.758655728032583,NONE,False
2025-08-05,slow,0.000472,-24.30481349993185,-28.422509874212096,NONE,False
2025-08-06,fast,-0.039604,-25.766332046209115,-21.898250022717008,BEAR_CROSS,False
2025-08-06,slow,-0.039604,-29.905566563594984,-28.82901794137257,BEAR_CROSS,False
2025-08-07,fast,-0.007062,-19.27354481373426,-18.28605948206328,NONE,False
2025-08-07,slow,-0.007062,-27.919671048766308,-26.96652049457828,NONE,False
2025-08-08,fast,-0.016008,-19.906343216552653,-19.64106702322884,NONE,False
2025-08-08,slow,-0.016008,-28.178452405515703,-27.57712587945221,NONE,False
2025-08-11,fast,0.013647,-1.6845967606038137,-16.65770420927496,BULL_CROSS,False
2025-08-11,slow,0.013647,-20.665437354356254,-26.667281843058312,BULL_CROSS,False
2025-08-12,fast,0.009887,7.274316895470644,-8.39754197385502,NONE,False
2025-08-12,slow,0.009887,-15.363555149802066,-23.031778989610082,NONE,False
2025-08-13,fast,0.031574,22.410244169666115,2.023405271995073,NONE,False
2025-08-13,slow,0.031574,-5.917892131252872,-17.531334260231723,NONE,False
2025-08-14,fast,-0.020716,3.1968035405625326,7.79919196127387,BEAR_CROSS,False
2025-08-14,slow,-0.020716,-11.843707829645101,-13.447648116264073,NONE,False
2025-08-18,fast,0.075117,24.16367440813423,14.26125975345838,BULL_CROSS,False
2025-08-18,slow,0.075117,2.6831063309267584,-7.610512194943319,NONE,False
2025-08-19,fast,0.066729,31.769736156105118,20.385114568617,NONE,False
2025-08-19,slow,0.066729,11.043858967620539,-1.008658665587669,NONE,False
2025-08-20,fast,0.056808,32.3300998298106,22.86507848365312,NONE,False
2025-08-20,slow,0.056808,15.562458879445028,4.361429087086806,NONE,False
2025-08-21,fast,0.026786,18.68515545171534,26.737166461441323,BEAR_CROSS,False
2025-08-21,slow,0.026786,13.55440298755225,10.710956791386144,NONE,False
2025-08-22,fast,0.01597,4.8415122919195,21.906625932387637,NONE,False
2025-08-22,slow,0.01597,9.366720376142508,12.381860302690082,BEAR_CROSS,False
2025-08-25,fast,0.022493,-1.1918424611576888,13.666231278071937,NONE,False
2025-08-25,slow,0.022493,7.379731795270912,11.465828509602673,NONE,False
2025-08-26,fast,-0.034305,-22.85833891376328,-0.13087840782153215,NONE,False
2025-08-26,slow,-0.034305,-5.567291658546253,6.1833908751048545,NONE,False
2025-08-28,fast,-0.025293,-30.36222354460947,-12.392723156902735,NONE,False
2025-08-28,slow,-0.025293,-12.773919097680288,-0.3986896462032803,NONE,False
2025-08-29,fast,0.014058,-17.409622446011575,-17.955506841385503,BULL_CROSS,False
2025-08-29,slow,0.014058,-10.193579458169454,-5.288764604781271,NONE,False
2025-09-01,fast,0.075701,6.198960503717272,-16.107806100166762,NONE,False
2025-09-01,slow,0.075701,2.536426425131971,-6.4995909473160065,BULL_CROSS,False
2025-09-02,fast,0.058548,14.793199876729666,-6.694921402543526,NONE,False
2025-09-02,slow,0.058548,8.822812891532125,-2.902064809796412,NONE,False
2025-09-03,fast,0.066511,21.885550081727345,6.3670220040406775,NONE,False
2025-09-03,slow,0.066511,14.606351241427127,3.9430027749804424,NONE,False
2025-09-04,fast,0.013096,6.256558119195656,12.283567145342484,BEAR_CROSS,False
2025-09-04,slow,0.013096,9.288024745326204,8.813403825854357,NONE,False
2025-09-05,fast,0.027128,1.1624920518311166,11.024450032370947,NONE,False
2025-09-05,slow,0.027128,7.616800000928503,10.08349721980349,BEAR_CROSS,False
2025-09-08,fast,0.046197,8.256542502628237,9.390285688845589,NONE,False
2025-09-08,slow,0.046197,10.7042724665264,10.553862113552059,BULL_CROSS,False
2025-09-09,fast,0.01588,-5.130025454257261,2.6363918048494375,NONE,False
2025-09-09,slow,0.01588,5.39121285554427,8.250077517081344,BEAR_CROSS,False
2025-09-10,fast,0.037815,1.2091604322438236,1.3745423831114794,NONE,False
2025-09-10,slow,0.037815,7.1444980703582495,7.714195848339355,NONE,False
2025-09-11,fast,0.017266,-10.317618469825108,-1.4954852473025768,NONE,False
2025-09-11,slow,0.017266,2.1774101978542113,6.354348397570782,NONE,False
2025-09-12,fast,0.021942,-13.721005457926378,-6.98987223744123,NONE,False
2025-09-12,slow,0.021942,-0.4097244734385932,3.5758491625795346,NONE,False
2025-09-15,fast,0.043316,3.5158498243635865,-4.828403417786019,BULL_CROSS,False
2025-09-15,slow,0.043316,5.175278171978339,3.521865491688051,BULL_CROSS,False
2025-09-16,fast,0.041026,11.82459429994573,-2.174544950860543,NONE,False
2025-09-16,slow,0.041026,8.716441746376988,3.9148514106927363,NONE,False
2025-09-17,fast,0.032138,6.345001134375012,1.9911099501894878,NONE,False
2025-09-17,slow,0.032138,7.81638210477243,5.324594387422291,NONE,False
2025-09-18,fast,0.017699,-11.615821744536776,2.5174058785368882,BEAR_CROSS,False
2025-09-18,slow,0.017699,0.4854766600558902,5.548394670795912,BEAR_CROSS,False
2025-09-19,fast,0.027002,-11.66223827433017,-1.2771161461365508,NONE,False
2025-09-19,slow,0.027002,-0.971091997448044,4.011802128439316,NONE,False
2025-09-22,fast,0.014877,-25.62778658366513,-10.640211367039267,NONE,False
2025-09-22,slow,0.014877,-8.130625414780638,-0.19996466185009076,NONE,False
2025-09-23,fast,0.021871,-23.91712150039752,-18.2057420257324,NONE,False
2025-09-23,slow,0.021871,-10.074012610689262,-4.672563340715514,NONE,False
2025-09-24,fast,0.00698,-38.78193044858995,-24.99726920174569,NONE,False
2025-09-24,slow,0.00698,-18.53381956468963,-9.427387396901894,NONE,False
2025-09-25,fast,-0.003257,-50.21445150713454,-34.63532250994679,NONE,False
2025-09-25,slow,-0.003257,-27.491089769896874,-16.057386840014104,NONE,False
2025-09-26,fast,-0.076244,-68.71949851184134,-45.408250491990835,NONE,False
2025-09-26,slow,-0.076244,-44.62409243478114,-25.180753595014227,NONE,False
2025-09-29,fast,0.003711,-48.087078740593455,-51.45073980203982,BULL_CROSS,False
2025-09-29,slow,0.003711,-39.78924456905779,-32.60956158460636,NONE,False
2025-09-30,fast,0.006494,-31.697309793536498,-49.67958463827646,NONE,False
2025-09-30,slow,0.006494,-34.62083960860397,-36.63131659558495,BULL_CROSS,False
2025-10-01,fast,0.071263,-4.839880238091517,-38.335941821015695,NONE,False
2025-10-01,slow,0.071263,-17.328691636118258,-34.090717062140286,NONE,False
2025-10-03,fast,0.06599,8.480850475758253,-19.035854574115803,NONE,False
2025-10-03,slow,0.06599,-6.4911374054993125,-24.557478304819835,NONE,False
2025-10-06,fast,0.026304,3.5154898794745195,-6.135212419098811,NONE,False
2025-10-06,slow,0.026304,-5.405487696237188,-15.961539086614682,NONE,False
2025-10-07,fast,0.012454,-5.636554600150202,0.3799763792477633,BEAR_CROSS,False
2025-10-07,slow,0.012454,-7.821363236311937,-9.261669993541673,NONE,False
2025-10-08,fast,0.025369,-4.882732880588139,0.3692632186236078,NONE,False
2025-10-08,slow,0.025369,-6.213429939237255,-6.4828545693214235,NONE,False
2025-10-09,fast,0.021659,-7.431366619372113,-3.6087910551589837,NONE,False
2025-10-09,slow,0.021659,-6.054839905304007,-6.373780194272596,NONE,False
2025-10-10,fast,0.034594,3.63220558551395,-3.579612128649126,BULL_CROSS,False
2025-10-10,slow,0.034594,-1.0808960779323744,-5.292632289696393,NONE,False
2025-10-13,fast,-0.002761,-16.786944997852682,-6.367209728074746,BEAR_CROSS,False
2025-10-13,slow,-0.002761,-10.038388103160775,-5.846888506408603,BEAR_CROSS,False
2025-10-14,fast,-0.022099,-32.44623068342475,-13.2580841787839,NONE,False
2025-10-14,slow,-0.022099,-20.306629286634262,-9.370188343257855,NONE,False
2025-10-15,fast,0.036339,-12.59859780846356,-14.54989197605676,BULL_CROSS,False
2025-10-15,slow,0.036339,-12.0826365090521,-10.877137494194878,NONE,False
2025-10-16,fast,0.027612,-3.590135170665488,-16.355477165101618,NONE,False
2025-10-16,slow,0.027612,-7.764862954775333,-12.548129213405618,BULL_CROSS,False
2025-10-17,fast,-0.003217,-14.95139910853722,-15.896590692772754,NONE,False
2025-10-17,slow,-0.003217,-13.35267838855048,-13.376701784753044,NONE,False
2025-10-20,fast,0.03115,-1.3177021099449586,-8.114458549402807,NONE,False
2025-10-20,slow,0.03115,-7.1697749069196375,-10.092488189824389,NONE,False
2025-10-21,fast,0.033103,8.25871298558574,-2.9001308508904824,NONE,False
2025-10-21,slow,0.033103,-1.6604643374636856,-7.486945146927284,NONE,False
2025-10-23,fast,0.010082,-2.4388215055563505,-2.6123024346131976,NONE,False
2025-10-23,slow,0.010082,-5.055582368364091,-6.809625000324473,NONE,False
2025-10-24,fast,0.011452,-8.385469755549808,-0.970820096366344,BEAR_CROSS,False
2025-10-24,slow,0.011452,-7.325043556540576,-5.302716292321998,BEAR_CROSS,False
2025-10-27,fast,0.018764,-3.9737238066289016,-1.6348255205373299,NONE,False
2025-10-27,slow,0.018764,-5.967137188806395,-5.002056862793687,NONE,False
2025-10-28,fast,0.012821,-9.67682928620917,-6.118711088486057,NONE,False
2025-10-28,slow,0.012821,-7.879652582278531,-6.556853923997398,NONE,False
2025-10-29,fast,0.033961,11.25226614373811,-2.695939176162442,BULL_CROSS,False
2025-10-29,slow,0.033961,1.1103121021528732,-5.015380306368157,BULL_CROSS,False
2025-10-30,fast,0.015596,1.5058084763456403,-0.2231196181885804,NONE,False
2025-10-30,slow,0.015596,-1.2909541633864126,-3.506857958079616,NONE,False
2025-10-31,fast,0.011457,-9.59231860228902,-1.6277683171036097,BEAR_CROSS,False
2025-10-31,slow,0.011457,-5.563499775917052,-3.4059486048572802,BEAR_CROSS,False
2025-11-03,fast,0.034325,9.738987730888656,3.226185937170847,BULL_CROSS,False
2025-11-03,slow,0.034325,3.638789927016183,-0.5263379775336019,BULL_CROSS,False
2025-11-04,fast,0.004121,-7.9556680483408195,-1.5757976108488856,BEAR_CROSS,False
2025-11-04,slow,0.004121,-4.723050582856466,-1.9846786487859367,BEAR_CROSS,False
2025-11-06,fast,-0.068681,-33.79114675947695,-10.400036419804534,NONE,False
2025-11-06,slow,-0.068681,-24.47321838010999,-7.780244702966831,NONE,False
2025-11-07,fast,0.01373,-18.462027427933506,-12.617463626215656,NONE,False
2025-11-07,slow,0.01373,-19.20016794952578,-11.189411746369014,NONE,False
2025-11-10,fast,-0.015518,-20.662491521514255,-20.217833439316383,NONE,False
2025-11-10,slow,-0.015518,-22.70144250709308,-17.77446985489633,NONE,False
2025-11-11,fast,0.000457,-12.225840792270615,-21.285376625298834,BULL_CROSS,False
2025-11-11,slow,0.000457,-20.667249408855547,-21.760519561396098,BULL_CROSS,False
2025-11-12,fast,0.039305,8.910442944005505,-10.609979199428217,NONE,False
2025-11-12,slow,0.039305,-8.22542825442333,-17.698572029974436,NONE,False
2025-11-13,fast,0.014155,9.82763112713479,-3.537564560661144,NONE,False
2025-11-13,slow,0.014155,-5.423620890107324,-14.25443526511982,NONE,False
2025-11-14,fast,0.01959,14.201871607135317,5.178526221501249,NONE,False
2025-11-14,slow,0.01959,-1.256212309552403,-8.89312771573465,NONE,False
2025-11-17,fast,0.025909,21.320712858521734,13.565164634199338,NONE,False
2025-11-17,slow,0.025909,4.155557256367752,-2.6874260494288262,NONE,False
2025-11-18,fast,-0.003185,2.2505135296404664,11.900182280608076,BEAR_CROSS,False
2025-11-18,slow,-0.003185,-2.0910924989041395,-1.1538421105490286,BEAR_CROSS,False
2025-11-19,fast,0.000455,-6.769474927168437,7.75090576703227,NONE,False
2025-11-19,slow,0.000455,-5.712803349750021,-1.226137725459703,NONE,False
2025-11-20,fast,0.010899,-1.7442236847694774,3.7643819440560717,NONE,False
2025-11-20,slow,0.010899,-4.17700343669954,-1.9563355072464872,NONE,False
2025-11-21,fast,-0.01317,-19.51319405573238,-6.444094784507457,NONE,False
2025-11-21,slow,-0.01317,-12.758404110655643,-6.184825849002336,NONE,False
2025-11-24,fast,-0.069356,-41.70435095513328,-17.432810905700894,NONE,False
2025-11-24,slow,-0.069356,-29.054801850431993,-12.9257531868843,NONE,False
2025-11-25,fast,0.0322,-17.768237141239457,-20.18250145921865,BULL_CROSS,False
2025-11-25,slow,0.0322,-17.765217782249223,-15.938856795009102,NONE,False
2025-11-26,fast,0.048482,-0.19197635217841302,-19.794439626070883,NONE,False
2025-11-26,slow,0.048482,-6.862015661411835,-16.610109851187175,BULL_CROSS,False
2025-11-27,fast,0.013587,-0.09694155092634024,-14.940376499869371,NONE,False
2025-11-27,slow,0.013587,-4.987332976804076,-14.667342067724281,NONE,False
2025-11-28,fast,0.017647,2.302844483692846,-3.938577640162841,NONE,False
2025-11-28,slow,0.017647,-2.3437301387888616,-7.989574139813499,NONE,False
2025-12-01,fast,0.011276,-0.9661803555822002,0.26193655625147316,BEAR_CROSS,False
2025-12-01,slow,0.011276,-1.9012732195776223,-4.023587999145599,NONE,False
2025-12-02,fast,0.000451,-11.761111945910356,-2.6303473421815124,NONE,False
2025-12-02,slow,0.000451,-5.148671787456355,-3.5952520306567286,BEAR_CROSS,False
2025-12-03,fast,-0.016682,-26.725812324392347,-9.287565035548013,NONE,False
2025-12-03,slow,-0.016682,-12.627589401628896,-5.505316136862934,NONE,False
2025-12-04,fast,-0.004959,-26.653917307569873,-16.526755483363694,NONE,False
2025-12-04,slow,-0.004959,-14.630168916222999,-8.576925831221468,NONE,False
2025-12-05,fast,-0.009905,-30.344984456803566,-23.871456508669034,NONE,False
2025-12-05,slow,-0.009905,-17.825756451685983,-12.558046639248557,NONE,False
2025-12-08,fast,-0.135975,-55.47315387184247,-34.79946699015206,NONE,False
2025-12-08,slow,-0.135975,-37.72109051055203,-20.701151320022475,NONE,False
2025-12-09,fast,0.071107,-25.994173359375072,-34.61655724889774,BULL_CROSS,False
2025-12-09,slow,0.071107,-22.41191201313661,-23.147231972899405,BULL_CROSS,False
2025-12-10,fast,0.011256,-17.039289931723342,-32.212900404936114,NONE,False
2025-12-10,slow,0.011256,-17.798441275066015,-23.939300062610158,NONE,False
2025-12-11,fast,0.029213,-6.074548176406144,-26.14529133483676,NONE,False
2025-12-11,slow,0.029213,-11.348447395817963,-22.319972798643157,NONE,False
2025-12-12,fast,0.046355,5.337901040202114,-10.94252760682561,NONE,False
2025-12-12,slow,0.046355,-3.9305187268102353,-13.872329852707706,NONE,False
2025-12-15,fast,0.031447,8.143949703005363,-2.407996841230502,NONE,False
2025-12-15,slow,0.031447,-0.2023137519583047,-8.319930287413131,NONE,False
2025-12-16,fast,0.0,-3.1829613066590863,1.056085315035562,BEAR_CROSS,False
2025-12-16,slow,0.0,-2.7142538994290706,-4.548883443503893,NONE,False
2025-12-17,fast,-0.01167,-14.123433448746997,-0.9561360030496511,NONE,False
2025-12-17,slow,-0.01167,-6.88387901913819,-3.4327413493339503,BEAR_CROSS,False
2025-12-18,fast,0.006284,-12.010287280941503,-5.293183083335556,NONE,False
2025-12-18,slow,0.006284,-6.495917415269421,-4.074091021448747,NONE,False
2025-12-19,fast,0.042601,7.385057341803204,-5.482906173636096,BULL_CROSS,False
2025-12-19,slow,0.042601,1.795666399354972,-3.574595983620428,BULL_CROSS,False
2025-12-22,fast,0.059928,22.390404561830795,0.9104352934863762,NONE,False
2025-12-22,slow,0.059928,10.616225100825998,-0.24197623355665998,NONE,False
2025-12-23,fast,0.032648,18.432554601308762,9.049432306000316,NONE,False
2025-12-23,slow,0.032648,11.995252082005496,4.477806541729262,NONE,False
2025-12-24,fast,0.01654,4.858078304050844,13.266523702248403,BEAR_CROSS,False
2025-12-24,slow,0.01654,9.025407075439755,8.358137664406556,NONE,False
2025-12-26,fast,0.021895,-0.48609499870534734,11.298735617121265,NONE,False
2025-12-26,slow,0.021895,7.989344196812872,9.906557113771031,BEAR_CROSS,False
2025-12-29,fast,-0.003129,-18.503442654428515,1.0752738130564365,NONE,False
2025-12-29,slow,-0.003129,-0.21979819843095338,7.1975512889567925,NONE,False
2025-12-30,fast,0.011644,-18.788135071329393,-8.229898605103102,NONE,False
2025-12-30,slow,0.011644,-2.2673691398855675,3.6318959834840268,NONE,False
2025-12-31,fast,0.040232,1.9393722980319055,-8.959575106607836,BULL_CROSS,False
2025-12-31,slow,0.040232,5.417968759676089,2.7300364045431103,BULL_CROSS,False
2026-01-01,fast,0.026798,4.9955910994349715,-7.589153582072757,NONE,False
2026-01-01,slow,0.026798,7.044149354750619,2.493737694027547,NONE,False
2026-01-02,fast,0.052773,22.910713089964656,2.764385354025535,NONE,False
2026-01-02,slow,0.052773,16.094692724203696,6.5723604246862095,NONE,False
2026-01-05,fast,0.011607,5.031888594936989,8.71939127059213,BEAR_CROSS,False
2026-01-05,slow,0.011607,9.425443441432385,9.495563570015698,BEAR_CROSS,False
2026-01-06,fast,0.005806,-8.40134001052989,6.134213193451682,NONE,False
2026-01-06,slow,0.005806,2.4387022143181873,8.750746933676222,NONE,False
2026-01-07,fast,0.028559,-0.1652924152147328,4.843992314789256,NONE,False
2026-01-07,slow,0.028559,4.874901759149552,8.208435034775956,NONE,False
2026-01-08,fast,-0.087092,-28.163523915499407,-7.924566936576761,NONE,False
2026-01-08,slow,-0.087092,-15.389754187043504,0.337323306964155,NONE,False
2026-01-09,fast,-0.063393,-35.49659951096474,-18.056688963052196,NONE,False
2026-01-09,slow,-0.063393,-24.13750429066785,-8.053413626060903,NONE,False
2026-01-12,fast,-0.009808,-22.611567015307358,-21.609245714246562,NONE,False
2026-01-12,slow,-0.009808,-22.02802964212114,-14.170096590170736,NONE,False
2026-01-13,fast,0.026304,-4.301436632482192,-22.643281768563423,BULL_CROSS,False
2026-01-13,slow,0.026304,-13.456195522542291,-18.752870910593696,BULL_CROSS,False
2026-01-14,fast,0.031682,7.828301288802097,-13.64532546748805,NONE,False
2026-01-14,slow,0.031682,-5.926828634102539,-16.387139522358456,NONE,False
2026-01-16,fast,0.005796,6.347690216107411,-3.1842530357200105,NONE,False
2026-01-16,slow,0.005796,-4.853487976755858,-11.566135443880457,NONE,False
2026-01-19,fast,-0.029386,-8.996758764620434,0.21944902695172042,BEAR_CROSS,False
2026-01-19,slow,-0.029386,-11.427257962639132,-8.915942524009955,BEAR_CROSS,False
2026-01-20,fast,-0.219404,-35.721940402368,-7.635676915519731,NONE,False
2026-01-20,slow,-0.219404,-31.29903502326006,-13.376652399189396,NONE,False
2026-01-21,fast,-0.060498,-26.20353777364256,-16.143636681130893,NONE,False
2026-01-21,slow,-0.060498,-30.52617715529896,-19.5264895294885,NONE,False
2026-01-22,fast,0.067171,-2.8563390869526444,-18.444644006895906,BULL_CROSS,False
2026-01-22,slow,0.067171,-17.335519906774138,-22.64699751199307,BULL_CROSS,False
2026-01-23,fast,-0.103203,-13.281119519753014,-19.51573419567905,NONE,False
2026-01-23,slow,-0.103203,-22.7820880849326,-25.485705042566437,NONE,False
2026-01-27,fast,0.004889,-1.9384671001844183,-11.069865870133158,NONE,False
2026-01-27,slow,0.004889,-16.516794832358045,-21.790144994840936,NONE,False
2026-01-28,fast,0.182303,19.682861842238967,0.40173403383722217,NONE,False
2026-01-28,slow,0.182303,-0.7547137894377265,-14.347279153375627,NONE,False
2026-01-29,fast,0.028,14.53159874161107,4.748718490978151,NONE,False
2026-01-29,slow,0.028,0.8883662964502289,-9.791307602569537,NONE,False
2026-01-30,fast,0.044464,13.727603038871946,11.50089913063439,NONE,False
2026-01-30,slow,0.044464,3.678134826673883,-3.1762518746679147,NONE,False
2026-02-01,fast,-0.087961,-7.434121084578509,10.126985634535867,BEAR_CROSS,False
2026-02-01,slow,-0.087961,-5.041472727335989,-0.3074213484124009,BEAR_CROSS,False
2026-02-02,fast,-0.012,-7.8298472507364405,3.2488083612920167,NONE,False
2026-02-02,slow,-0.012,-5.5542550710482335,-1.5073066688150276,NONE,False
2026-02-03,fast,0.273656,19.37810603709141,4.460435185162101,BULL_CROSS,False
2026-02-03,slow,0.273656,11.272847054542636,1.088813520708074,BULL_CROSS,False
2026-02-04,fast,0.1004,17.627717764085226,5.4354638664654225,NONE,False
2026-02-04,slow,0.1004,13.703536944440295,3.595164050149677,NONE,False
2026-02-05,fast,-0.016889,0.9774042485399779,7.538345199745043,BEAR_CROSS,False
2026-02-05,slow,-0.016889,7.524293821095113,6.736605687257453,NONE,False
2026-02-06,fast,-0.005778,-7.8654626518483735,7.52944134946706,NONE,False
2026-02-06,slow,-0.005778,3.2518043788941555,8.93812054974305,BEAR_CROSS,False
2026-02-09,fast,0.196801,11.252978477528703,5.498159459576383,BULL_CROSS,False
2026-02-09,slow,0.196801,13.084174622425397,9.39095244171374,BULL_CROSS,False
2026-02-10,fast,0.05694,4.628206291271538,2.2482815913729617,NONE,False
2026-02-10,slow,0.05694,11.376624767187401,8.809224397400516,NONE,False
2026-02-11,fast,0.016437,-5.942911864467783,0.5182025631210212,BEAR_CROSS,False
2026-02-11,slow,0.016437,6.5883092130542265,8.575228245390296,BEAR_CROSS,False
2026-02-12,fast,-0.019982,-17.04893283472425,-1.7776649825979485,NONE,False
2026-02-12,slow,-0.019982,-0.04919140079616291,7.749979300467716,NONE,False
2026-02-13,fast,-0.073745,-28.71020793324639,-11.768461585291721,NONE,False
2026-02-13,slow,-0.073745,-8.532553509911885,2.3457972673833947,NONE,False
2026-02-16,fast,-0.031083,-28.49864430576647,-20.050174234551225,NONE,False
2026-02-16,slow,-0.031083,-11.815336973682045,-3.4521931678339666,NONE,False
2026-02-17,fast,0.047429,-12.061549748208378,-21.579833705486372,BULL_CROSS,False
2026-02-17,slow,0.047429,-7.508446233748888,-6.976382029534745,NONE,False
2026-02-18,fast,0.023514,-5.838180788983495,-18.777145694051185,NONE,False
2026-02-18,slow,0.023514,-6.174031354179139,-8.507592017880489,BULL_CROSS,False
2026-02-19,fast,-0.021267,-14.22194601266537,-15.15508021390593,NONE,False
2026-02-19,slow,-0.021267,-10.043732515072648,-8.88538676917068,BEAR_CROSS,False
2026-02-20,fast,0.005757,-9.916208451810098,-10.509471250416833,NONE,False
2026-02-20,slow,0.005757,-9.860275251342228,-8.396621338585726,NONE,False
2026-02-23,fast,0.002655,-8.23840411635444,-9.55368484245335,NONE,False
2026-02-23,slow,0.002655,-10.155030603413095,-9.058267431001777,NONE,False
2026-02-24,fast,-0.046058,-26.536111220930042,-14.728167450439988,BEAR_CROSS,False
2026-02-24,slow,-0.046058,-17.245521436532734,-11.826139951590177,NONE,False
2026-02-25,fast,0.011504,-10.996659218360008,-13.921845751863648,BULL_CROSS,False
2026-02-25,slow,0.011504,-13.567107669326868,-12.706983740153731,NONE,False
2026-02-26,fast,0.026955,4.173717983072894,-10.3993641431429,NONE,False
2026-02-26,slow,0.026955,-7.786394423962209,-12.188513533308726,BULL_CROSS,False
2026-02-27,fast,-0.014595,-5.827173389627786,-9.796556461461236,NONE,False
2026-02-27,slow,-0.014595,-10.971559874397464,-12.39264585105482,NONE,False
2026-03-02,fast,-0.16129,-32.109836870515146,-11.189987873857511,BEAR_CROSS,False
2026-03-02,slow,-0.16129,-27.73608917782439,-15.015287786377733,BEAR_CROSS,False
2026-03-04,fast,-0.151368,-41.01630681833934,-18.69489977385234,NONE,False
2026-03-04,slow,-0.151368,-36.22630909437456,-20.680088142639654,NONE,False
2026-03-05,fast,0.060459,-16.084226596605216,-23.75938591877187,BULL_CROSS,False
2026-03-05,slow,0.060459,-24.099590281472835,-24.758387107017313,BULL_CROSS,False
2026-03-06,fast,0.008374,-6.465611572778678,-23.918995464559593,NONE,False
2026-03-06,slow,0.008374,-18.540818702158198,-26.650701813957497,NONE,False
2026-03-09,fast,-0.175694,-22.69936252269833,-21.56637687760539,BEAR_CROSS,False
2026-03-09,slow,-0.175694,-27.840254735797473,-26.67674320345077,BEAR_CROSS,False
2026-03-10,fast,0.152796,0.1366251912767673,-11.278143875201364,BULL_CROSS,False
2026-03-10,slow,0.152796,-13.663038793453685,-21.03592562822055,BULL_CROSS,False
2026-03-11,fast,0.014978,1.6586761603863114,-6.842418185953482,NONE,False
2026-03-11,slow,0.014978,-10.525763174137662,-17.642468851386756,NONE,False
2026-03-12,fast,0.004844,1.1006723421606999,-4.950847207218638,NONE,False
2026-03-12,slow,0.004844,-8.52432895449238,-15.138346414470302,NONE,False
2026-03-13,fast,-0.223493,-21.858938287868625,-4.740741148511212,BEAR_CROSS,False
2026-03-13,slow,-0.223493,-20.536569977027792,-13.312425224777883,BEAR_CROSS,False
2026-03-16,fast,-0.061951,-16.637612093826753,-8.934300469787093,NONE,False
2026-03-16,slow,-0.061951,-19.80323688455305,-14.847474747552724,NONE,False
2026-03-17,fast,0.038259,0.423117018164346,-9.243190255342585,BULL_CROSS,False
2026-03-17,slow,0.038259,-11.96591547062998,-15.207512821675802,BULL_CROSS,False
2026-03-18,fast,0.171793,19.519874152118437,-4.638389802853149,NONE,False
2026-03-18,slow,0.171793,0.5461092258303424,-12.939903276595121,NONE,False
2026-03-19,fast,-0.196923,-1.2629349125791656,0.5106110409692155,BEAR_CROSS,False
2026-03-19,slow,-0.196923,-9.232646676503235,-10.113922451463983,NONE,False
2026-03-20,fast,0.042198,6.40000659693747,6.270015713660271,BULL_CROSS,False
2026-03-20,slow,0.042198,-4.5103998817464275,-6.290713200762327,NONE,False
2026-03-23,fast,-0.534036,-18.576865317026634,1.5200201298625258,BEAR_CROSS,False
2026-03-23,slow,-0.534036,-20.650581070920747,-8.461879600835019,BEAR_CROSS,False
2026-03-24,fast,0.15496,-0.9251705770108867,-3.591241052419804,BULL_CROSS,False
2026-03-24,slow,0.15496,-10.792356371558121,-11.296496000182135,BULL_CROSS,False
2026-03-25,fast,0.111404,8.008145490465637,-1.2734709516586036,NONE,False
2026-03-25,slow,0.111404,-4.447965751215886,-10.100325768860298,NONE,False
2026-03-27,fast,-0.334649,-7.539541311935353,-4.758357928876809,BEAR_CROSS,False
2026-03-27,slow,-0.334649,-12.498328696540664,-12.097307972558857,BEAR_CROSS,False
2026-03-30,fast,-0.38502,-17.931904406555,-4.597117701258901,NONE,False
2026-03-30,slow,-0.38502,-19.157051475718355,-11.723925573758258,NONE,False
2026-04-01,fast,0.555653,6.504964756265098,-2.739583867939904,BULL_CROSS,False
2026-04-01,slow,0.555653,-4.063910799592007,-10.04181418076673,BULL_CROSS,False
2026-04-02,fast,0.0814,6.7134631051436635,-3.063254464270398,NONE,False
2026-04-02,slow,0.0814,-1.591097188643312,-9.327597040123587,NONE,False
2026-04-06,fast,0.115334,8.625345124343935,0.9779671447994243,NONE,False
2026-04-06,slow,0.115334,1.317099037353376,-5.873740106650076,NONE,False
2026-04-07,fast,0.056332,5.4134081999729435,6.8142952964314105,BEAR_CROSS,False
2026-04-07,slow,0.056332,2.1588108010993836,-0.5447745374456416,NONE,False
2026-04-08,fast,0.477273,25.110202097185084,11.465604631661407,BULL_CROSS,False
2026-04-08,slow,0.477273,12.764370310847154,3.6622957401641485,NONE,False
2026-04-09,fast,0.034076,10.914002025933064,12.515739361858756,BEAR_CROSS,False
2026-04-09,slow,0.034076,9.485604711366946,6.431471215166713,NONE,False
2026-04-10,fast,0.127185,7.210287645941361,12.161974992258111,NONE,False
2026-04-10,slow,0.127185,9.61571104528637,8.506124217149962,NONE,False
2026-04-13,fast,0.01615,-4.748464780060291,9.621506747249803,NONE,False
2026-04-13,slow,0.01615,5.615356157384539,9.37026055622125,BEAR_CROSS,False
2026-04-15,fast,0.204714,5.895214607702801,4.817759874879234,BULL_CROSS,False
2026-04-15,slow,0.204714,9.625085895913752,8.5854394524879,BULL_CROSS,False
2026-04-16,fast,0.061109,-3.1936507203481925,1.2908466883089196,BEAR_CROSS,False
2026-04-16,slow,0.061109,6.684051878635405,7.885051244305014,BEAR_CROSS,False
2026-04-17,fast,0.08785,-5.928524345397611,-1.9938563095258235,NONE,False
2026-04-17,slow,0.08785,5.4573171928928295,6.84545278120663,NONE,False
2026-04-20,fast,0.005217,-18.44838107226859,-5.418835382577898,NONE,False
2026-04-20,slow,0.005217,-0.07965007065651353,5.421701224196367,NONE,False
2026-04-21,fast,0.042491,-20.097585265908165,-11.91703535098064,NONE,False
2026-04-21,slow,0.042491,-2.4424362955802907,2.4048206763228555,NONE,False
2026-04-22,fast,0.056303,-17.667286007226966,-15.535444172700332,NONE,False
2026-04-22,slow,0.056303,-3.492650362489175,-0.1393548839582892,NONE,False
2026-04-23,fast,0.017625,-25.754190436740508,-20.491860695536054,NONE,False
2026-04-23,slow,0.017625,-7.309609630268942,-3.331086589748732,NONE,False
2026-04-24,fast,-0.051681,-39.982506126224905,-25.875391959025137,NONE,False
2026-04-24,slow,-0.051681,-14.772796562334568,-7.004373212668245,NONE,False
2026-04-27,fast,0.123322,-15.642021725417777,-24.761501073902537,BULL_CROSS,False
2026-04-27,slow,0.123322,-7.436284294916563,-8.252835212502314,BULL_CROSS,False
2026-04-28,fast,0.032732,-16.381031199886994,-24.439937372067547,NONE,False
2026-04-28,slow,0.032732,-8.661372722019154,-9.545015802384809,NONE,False
2026-04-29,fast,0.018472,-20.00206231643106,-23.00190534199018,NONE,False
2026-04-29,slow,0.018472,-10.921532829634558,-10.447996602226212,BEAR_CROSS,False
2026-04-30,fast,-0.018892,-29.681702878262605,-20.42670452999961,BEAR_CROSS,False
2026-04-30,slow,-0.018892,-15.900769779835692,-10.729989906601492,NONE,False
2026-05-04,fast,0.080503,-10.147726191699038,-19.053130646569926,BULL_CROSS,False
2026-05-04,slow,0.080503,-9.873536073760958,-11.339302851312592,BULL_CROSS,False
2026-05-05,fast,0.026879,-11.816901329104082,-17.912098178874196,NONE,False
2026-05-05,slow,0.026879,-10.716211569861647,-11.853012563273216,NONE,False
2026-05-06,fast,0.092359,5.598398221181149,-11.511983044471144,NONE,False
2026-05-06,slow,0.092359,-3.727968672407102,-10.054621523966352,NONE,False
2026-05-07,fast,0.092282,15.317844676336446,-0.26209615582138124,NONE,False
2026-05-07,slow,0.092282,1.698087777856868,-5.654907134543212,NONE,False
2026-05-08,fast,0.036089,3.0592833303807208,3.0396562246985583,NONE,False
2026-05-08,slow,0.036089,-1.2046849087218157,-3.487694343283426,NONE,False
2026-05-11,fast,-0.053601,-18.753243879006533,1.3055705872229453,BEAR_CROSS,False
2026-05-11,slow,-0.053601,-12.447649763649823,-3.92055389173047,BEAR_CROSS,False
2026-05-12,fast,-0.256604,-40.349494624592936,-10.181402624220576,NONE,False
2026-05-12,slow,-0.256604,-29.016924790781562,-10.242792921324085,NONE,False
2026-05-13,fast,0.053294,-21.405072718631967,-19.36213197296268,NONE,False
2026-05-13,slow,0.053294,-21.737825429532553,-16.10177122317144,NONE,False
2026-05-14,fast,0.013417,-12.302891090337553,-23.202675578142248,BULL_CROSS,False
2026-05-14,slow,0.013417,-18.31251495280816,-20.378728734193025,BULL_CROSS,False
2026-05-15,fast,-0.0147,-9.864205206775388,-20.98041591008446,NONE,False
2026-05-15,slow,-0.0147,-17.738650591343468,-21.701478941116438,NONE,False
2026-05-18,fast,-0.057491,-16.61346063758033,-15.046407413331309,BEAR_CROSS,False
2026-05-18,slow,-0.057491,-21.01366151882403,-19.700663123127054,BEAR_CROSS,False
2026-05-19,fast,0.058305,1.8228077922472607,-9.239437285611501,BULL_CROSS,False
2026-05-19,slow,0.058305,-12.523046355848265,-17.396968354705983,BULL_CROSS,False
2026-05-20,fast,0.033138,8.567426726432101,-4.021857831419089,NONE,False
2026-05-20,slow,0.033138,-7.981283611925734,-14.814160519485377,NONE,False
2026-05-21,fast,0.041579,14.706010004523915,2.1206959714057363,NONE,False
2026-05-21,slow,0.041579,-3.345205307392813,-11.215799198497711,NONE,False
2026-05-22,fast,0.014675,9.755083179486608,8.712831925672472,NONE,False
2026-05-22,slow,0.014675,-2.6660611975986153,-6.628899118191359,NONE,False
2026-05-25,fast,0.073733,24.10736144866687,14.283970339777373,NONE,False
2026-05-25,slow,0.073733,5.115324150737878,-2.219306491544823,NONE,False
2026-05-26,fast,0.025931,15.335260582966805,15.97592880391105,BEAR_CROSS,False
2026-05-26,slow,0.025931,5.014225835032816,1.0295708701948147,NONE,False
2026-05-27,fast,0.039766,15.882489585785619,16.270048699226475,NONE,False
2026-05-27,slow,0.039766,7.203347985297602,3.666709193367418,NONE,False
2026-05-29,fast,-0.0301,-8.425852128532577,11.724814872221678,NONE,False
2026-05-29,slow,-0.0301,-2.063525953132906,3.8173430044838454,BEAR_CROSS,False
2026-06-01,fast,-0.050606,-23.75961201020555,-0.24192849249642734,NONE,False
2026-06-01,slow,-0.050606,-10.916532698208739,-0.19062120775280844,NONE,False
2026-06-02,fast,0.055207,-4.703276627237486,-5.2515627950475,BULL_CROSS,False
2026-06-02,slow,0.055207,-3.219111615462623,-2.248955570376668,NONE,False
2026-06-03,fast,0.004189,-6.769027375647092,-10.914442035405678,NONE,False
2026-06-03,slow,0.004189,-4.3638769778301665,-5.14076181115861,BULL_CROSS,False
2026-06-04,fast,0.046862,6.388399950799781,-7.210879015572589,NONE,False
2026-06-04,slow,0.046862,1.5357699384953691,-4.240937838251541,NONE,False
2026-06-05,fast,0.022194,5.110209012643448,0.0065762401396611825,NONE,False
2026-06-05,slow,0.022194,2.145927603601158,-0.9753227627990674,NONE,False
2026-06-08,fast,-0.086265,-20.749330726849273,-4.004937284763286,BEAR_CROSS,False
2026-06-08,slow,-0.086265,-12.045682097691449,-3.1819653833562738,BEAR_CROSS,False
2026-06-09,fast,0.087029,0.7877638689273212,-2.1157394736196826,BULL_CROSS,False
2026-06-09,slow,0.087029,-0.9996200211719639,-2.340901144191723,BULL_CROSS,False
2026-06-10,fast,-0.034743,-9.67078183243945,-6.13053491942949,BEAR_CROSS,False
2026-06-10,slow,-0.034743,-6.712708947038282,-4.403020865575136,BEAR_CROSS,False
2026-06-11,fast,-0.031368,-15.354769357460956,-11.246779511955591,NONE,False
2026-06-11,slow,-0.031368,-10.696914029639293,-7.613731273885248,NONE,False
2026-06-12,fast,0.178855,10.590902460294744,-3.411721215169587,BULL_CROSS,False
2026-06-12,slow,0.178855,5.064557405366012,-3.336171398120884,BULL_CROSS,False
2026-06-15,fast,0.107068,16.452446297919657,0.5044493920784969,NONE,False
2026-06-15,slow,0.107068,10.7597454682844,-0.39633002575679255,NONE,False
2026-06-16,fast,0.037176,7.303181028706486,4.747940107364981,NONE,False
2026-06-16,slow,0.037176,8.935650590935607,3.5157598587366796,NONE,False
2026-06-17,fast,0.043896,2.1005511292798382,9.111770229050181,BEAR_CROSS,False
2026-06-17,slow,0.043896,8.081859614132906,8.210453269679729,BEAR_CROSS,False
2026-06-18,fast,0.041806,-2.3914154500409177,5.866190751466264,NONE,False
2026-06-18,slow,0.041806,7.003855777822621,8.695277862793882,NONE,False
2026-06-19,fast,0.050961,-1.6458877154616587,1.341607248120935,NONE,False
2026-06-19,slow,0.050961,7.595109804104869,7.904118946749,NONE,False
2026-06-22,fast,0.067613,7.831232547952128,1.4736201279323453,BULL_CROSS,False
2026-06-22,slow,0.067613,11.018392217389447,8.42480435336246,BULL_CROSS,False
2026-06-23,fast,-0.017573,-16.157654654476303,-3.09093131800669,BEAR_CROSS,False
2026-06-23,slow,-0.017573,-0.2694825912410277,6.336968802018976,BEAR_CROSS,False
2026-06-24,fast,0.023819,-16.479137701657766,-6.612861880910902,NONE,False
2026-06-24,slow,0.023819,-2.5604073532569487,3.945903019249083,NONE,False
2026-06-25,fast,-0.012526,-28.65113896602074,-13.364174693550673,NONE,False
2026-06-25,slow,-0.012526,-10.080643792507368,-0.4730353799039757,NONE,False
