date,total_cross,os_cross,sqz_cross,universe_tag,total_eligible,up4_count,down4_count,ratio_5d,ratio_10d,up25_quarter,down25_quarter,pct_above_sma10,pct_above_sma20,pct_above_sma50,pct_above_sma200,composite_score,net_thrust
2021-09-27,1,0,1,breadth_broad,1509,131,32,3.9371,2.1057,320,38,42.3,52.96,50.07,85.61,,
2021-10-11,1,0,1,breadth_broad,1512,174,42,4.2304,4.9752,338,35,74.16,73.77,73.45,89.79,,
2021-10-19,2,0,1,breadth_broad,1515,59,290,1.2262,2.0631,292,44,42.19,60.16,70.43,88.19,,
2021-11-26,1,0,0,breadth_broad,1534,78,401,0.8206,0.8827,282,28,21.23,24.36,30.17,70.06,,
2021-12-03,1,0,0,breadth_broad,1533,154,32,1.1966,0.9587,254,30,49.84,28.72,30.51,69.85,,
2021-12-14,1,0,1,breadth_broad,1535,153,49,5.3497,4.2368,297,23,75.28,66.69,46.88,75.54,,
2021-12-24,1,0,1,breadth_broad,1546,100,41,0.8677,0.997,242,46,31.64,38.71,36.34,63.78,,
2022-01-04,1,0,1,breadth_broad,1558,192,57,6.0802,6.2781,298,25,84.09,76.69,63.45,74.97,,
2022-02-09,1,0,0,breadth_broad,1571,114,93,1.1744,1.6076,277,34,41.3,32.56,52.28,67.36,,
2022-03-21,1,0,0,breadth_broad,1590,118,65,2.2025,2.0735,217,90,74.43,71.46,31.78,50.99,,
2022-05-31,1,0,0,breadth_broad,1621,166,79,1.1133,0.9782,202,34,58.75,51.43,23.5,34.27,,
2022-06-10,1,0,1,breadth_broad,1621,59,49,1.5411,2.3636,152,82,27.79,36.86,20.54,30.6,,
2022-06-13,1,1,0,breadth_broad,1629,34,553,0.4339,0.9043,105,141,10.51,18.36,12.88,26.29,,
2022-06-22,1,0,0,breadth_broad,1626,69,138,0.4755,0.4706,57,305,14.1,9.07,9.56,19.16,,
2022-06-23,2,0,1,breadth_broad,1628,140,40,0.7781,0.4915,62,276,26.63,13.56,11.64,19.91,,
2022-06-27,3,0,1,breadth_broad,1628,229,30,4.4618,0.8649,84,191,74.29,33.74,18.67,23.54,,
2022-07-04,1,0,0,breadth_broad,1631,149,37,2.2033,3.3862,82,245,70.12,52.95,28.68,25.07,,
2022-07-07,1,1,0,breadth_broad,1629,162,31,3.005,3.3665,70,311,76.35,75.34,42.64,28.68,,
2022-07-19,2,0,0,breadth_broad,1634,151,20,2.9548,3.3904,66,214,75.66,82.58,65.9,33.47,,
2022-07-21,1,0,0,breadth_broad,1636,124,23,4.6879,3.4194,70,203,78.89,84.56,72.62,36.14,,
2022-07-28,1,0,1,breadth_broad,1633,104,45,1.7656,2.7819,66,138,56.69,70.64,70.84,37.88,,
2022-07-29,2,0,1,breadth_broad,1633,150,38,1.8679,2.8717,72,124,64.32,76.17,75.31,42.23,,
2022-08-01,1,0,0,breadth_broad,1644,224,45,2.4624,2.8341,111,83,73.43,81.14,80.29,46.13,,
2022-08-03,1,0,0,breadth_broad,1635,71,74,2.7869,2.3393,127,75,65.4,74.34,80.09,45.98,,
2022-08-05,1,0,1,breadth_broad,1638,125,38,2.5618,2.1679,174,46,64.26,71.2,78.4,46.25,,
2022-08-12,1,0,0,breadth_broad,1639,102,67,1.7685,2.1592,220,35,56.92,65.64,76.92,48.09,,
2022-08-18,2,0,0,breadth_broad,1645,148,24,2.4889,2.0017,247,33,68.03,71.33,81.1,53.53,,
2022-08-25,2,0,1,breadth_broad,1645,134,32,3.0637,2.7304,322,25,60.49,65.48,80.38,55.56,,
2022-08-30,1,0,1,breadth_broad,1651,186,20,4.7697,3.5134,282,29,68.72,69.21,80.29,58.36,,
2022-09-02,2,0,2,breadth_broad,1655,126,48,3.5204,3.2687,285,34,65.15,67.15,79.25,59.42,,
2022-09-05,1,0,1,breadth_broad,1658,187,39,3.5472,3.5477,315,29,70.52,72.24,80.57,61.18,,
2022-09-08,1,0,0,breadth_broad,1656,138,31,3.7908,3.8525,381,26,75.94,78.44,82.54,65.52,,
2022-09-13,2,0,2,breadth_broad,1654,126,48,3.6158,3.8163,520,23,71.03,80.94,85.28,67.66,,
2022-09-15,1,0,1,breadth_broad,1658,122,47,3.014,3.3805,539,25,58.46,71.81,80.78,67.1,,
2022-09-19,2,0,0,breadth_broad,1666,121,88,1.0368,1.6716,609,26,30.26,49.55,70.57,60.84,,
2022-09-21,1,0,1,breadth_broad,1659,68,87,0.9003,1.5279,611,15,30.16,46.73,69.62,61.2,,
2022-09-29,1,0,1,breadth_broad,1656,91,37,0.3351,0.5183,369,21,18.39,17.42,38.63,47.48,,
2022-09-30,1,1,0,breadth_broad,1664,147,25,0.5287,0.7306,427,21,29.17,22.31,44.11,52.03,,
2022-10-04,1,0,1,breadth_broad,1668,180,15,2.2055,0.6982,401,20,53.34,27.69,48.36,55.66,,
2022-10-10,1,0,1,breadth_broad,1663,86,59,2.8688,1.02,404,16,70.1,39.01,50.15,56.87,,
2022-10-14,2,0,2,breadth_broad,1661,64,39,0.9848,1.9883,323,23,34.16,32.45,37.41,51.16,,
2022-10-18,2,0,1,breadth_broad,1665,121,27,1.565,2.0747,354,25,43.26,43.57,41.06,52.14,,
2022-10-19,1,0,1,breadth_broad,1668,87,41,1.8114,1.7898,327,30,42.26,44.94,40.62,52.49,,
2022-10-21,1,0,1,breadth_broad,1670,58,79,1.572,1.2331,295,38,38.18,41.9,38.41,50.7,,
2022-10-24,1,0,1,breadth_broad,1673,107,24,2.0045,1.357,300,32,60.58,54.41,45.08,53.75,,
2022-10-27,1,0,0,breadth_broad,1671,84,50,1.5,1.6404,303,39,54.17,48.98,43.35,53.44,,
2022-11-01,1,0,1,breadth_broad,1673,111,55,1.5851,1.759,291,29,54.76,51.5,47.09,54.26,,
2022-11-02,1,0,1,breadth_broad,1674,104,43,1.764,1.6705,278,25,57.75,52.73,49.03,54.75,,
2022-11-03,2,0,1,breadth_broad,1666,101,32,2.0042,1.7744,254,32,57.39,52.89,46.78,55.67,,
2022-11-04,2,0,1,breadth_broad,1674,127,26,2.3982,1.9458,247,27,61.18,57.95,49.76,56.7,,
2022-11-07,1,0,1,breadth_broad,1676,146,48,2.8955,2.2756,279,25,64.64,62.25,51.9,58.15,,
2022-11-11,1,0,0,breadth_broad,1669,113,70,1.6033,1.7496,252,35,51.56,55.75,47.64,57.52,,
2022-11-18,1,0,0,breadth_broad,1678,80,51,1.2915,1.4499,219,45,33.63,42.11,42.4,55.13,,
2022-11-21,1,0,0,breadth_broad,1689,78,79,1.2707,1.2815,210,50,30.15,39.74,42.63,54.32,,
2022-11-25,1,0,1,breadth_broad,1691,126,17,2.5122,1.7455,215,49,58.31,50.95,50.81,57.72,,
2022-11-28,1,0,0,breadth_broad,1700,143,34,3.5644,2.0545,223,49,66.11,55.19,53.62,59.75,,
2022-12-01,2,0,0,breadth_broad,1694,100,23,4.5338,2.8895,202,46,78.19,66.19,60.76,63.14,,
2022-12-15,1,0,0,breadth_broad,1695,54,55,1.9359,2.6357,183,57,39.33,55.54,59.12,64.8,,
2022-12-21,1,0,1,breadth_broad,1697,31,450,0.5822,1.021,152,69,18.37,26.58,44.81,59.4,,
2022-12-27,2,1,1,breadth_broad,1700,265,15,0.5723,0.736,206,40,23.97,20.95,34.89,55.13,,
2022-12-28,2,0,0,breadth_broad,1697,158,19,0.8649,0.7704,215,41,36.9,25.96,37.66,56.95,,
2022-12-29,1,0,0,breadth_broad,1699,101,26,1.2511,0.8068,228,36,45.51,28.89,37.99,57.04,,
2023-01-09,1,1,0,breadth_broad,1716,88,36,2.0,4.0139,190,51,51.35,43.9,42.22,59.23,,
2023-01-12,1,0,1,breadth_broad,1711,62,33,1.8305,2.5323,214,36,34.45,42.82,39.03,58.22,,
2023-01-16,2,0,2,breadth_broad,1714,92,31,2.3312,2.177,225,45,41.31,48.97,41.06,58.84,,
2023-01-19,2,0,1,breadth_broad,1706,70,31,2.7114,2.2086,215,46,43.96,50.41,41.97,58.6,,
2023-01-23,1,0,1,breadth_broad,1717,79,63,1.9391,2.1023,192,53,40.14,42.39,39.43,58.16,,
2023-01-31,1,0,1,breadth_broad,1714,278,30,0.8197,1.0917,158,72,27.8,26.01,29.17,51.52,,
2023-02-01,2,1,1,breadth_broad,1716,46,224,0.6047,0.8551,134,91,22.04,22.03,24.63,48.6,,
2023-02-02,1,0,0,breadth_broad,1717,80,89,0.6605,0.7946,139,90,27.39,23.77,24.54,48.17,,
2023-02-06,2,0,1,breadth_broad,1716,135,61,1.1869,0.7776,119,96,33.33,25.86,25.01,48.67,,
2023-02-10,1,0,1,breadth_broad,1714,110,62,2.0205,1.3325,129,73,53.73,36.45,30.64,50.99,,
2023-02-16,1,0,0,breadth_broad,1716,115,45,0.9272,1.2022,124,76,46.82,37.98,29.76,48.45,,
2023-02-20,1,1,1,breadth_broad,1721,71,65,1.0234,1.1756,118,80,33.72,33.6,28.3,46.49,,
2023-02-23,1,1,0,breadth_broad,1716,72,56,0.7558,0.8466,94,126,22.37,25.6,24.54,42.73,,
2023-02-24,1,1,1,breadth_broad,1720,61,66,0.7652,0.7927,86,145,22.73,24.78,23.41,41.57,,
2023-02-27,1,0,0,breadth_broad,1724,34,200,0.4991,0.7182,77,173,15.64,17.8,19.42,38.8,,
2023-02-28,2,1,0,breadth_broad,1715,93,58,0.5431,0.8225,65,179,17.3,18.83,20.24,38.44,,
2023-03-02,1,0,0,breadth_broad,1715,84,24,1.3286,1.0298,66,168,35.42,25.03,23.56,40.42,,
2023-03-03,1,0,0,breadth_broad,1719,125,19,1.7203,1.1796,67,161,52.62,33.55,26.66,43.12,,
2023-03-17,1,0,1,breadth_broad,1722,96,28,0.4717,1.0141,58,221,22.14,24.81,20.98,33.5,,
2023-03-22,1,1,0,breadth_broad,1723,116,16,1.5954,0.8103,76,181,37.19,29.87,22.12,33.68,,
2023-03-29,2,0,1,breadth_broad,1729,288,63,0.5552,0.7971,74,289,33.35,22.54,19.37,29.4,,
2023-03-31,1,0,1,breadth_broad,1730,249,34,0.7754,1.0159,80,260,50.43,34.76,24.19,32.44,,
2023-04-03,2,0,1,breadth_broad,1730,418,28,1.4373,1.3236,85,212,75.9,50.49,29.61,34.86,,
2023-04-18,1,0,0,breadth_broad,1737,102,40,2.87,5.3533,98,102,75.81,84.78,63.12,45.24,,
2023-04-21,1,0,0,breadth_broad,1740,64,46,2.1831,2.9872,94,93,53.92,80.09,64.15,45.68,,
2023-04-27,2,0,1,breadth_broad,1742,107,31,2.5135,2.4422,109,84,63.88,82.42,71.49,48.08,,
2023-04-28,1,0,1,breadth_broad,1743,107,34,2.936,2.5249,119,71,72.38,83.64,76.49,50.52,,
2023-05-03,1,0,0,breadth_broad,1738,100,50,2.8757,2.5836,134,65,71.82,80.66,79.98,51.59,,
2023-05-04,1,0,0,breadth_broad,1742,128,28,2.9731,2.643,173,51,78.05,82.22,82.58,53.41,,
2023-05-08,1,0,0,breadth_broad,1741,116,42,2.2543,2.5775,149,51,70.56,77.09,81.65,53.96,,
2023-05-10,1,0,1,breadth_broad,1746,89,32,2.1839,2.4988,173,42,61.68,72.52,81.42,54.25,,
2023-05-22,1,0,1,breadth_broad,1748,92,84,1.6848,2.0476,210,33,48.91,59.36,77.07,55.98,,
2023-05-23,1,0,1,breadth_broad,1739,99,52,1.5694,2.0783,198,32,50.26,58.68,76.72,56.75,,
2023-05-24,1,0,0,breadth_broad,1745,86,51,1.5139,1.9772,201,33,49.05,56.32,76.39,56.37,,
2023-05-25,1,0,1,breadth_broad,1741,93,38,1.5812,1.8745,205,23,51.58,56.22,76.82,57.63,,
2023-05-26,1,0,1,breadth_broad,1741,105,41,1.8008,1.8969,216,22,57.9,57.32,76.86,58.4,,
2023-05-30,1,0,1,breadth_broad,1746,95,67,1.8038,1.6844,278,19,56.93,57.75,75.96,59.05,,
2023-06-05,1,0,0,breadth_broad,1749,157,42,2.96,2.4076,389,18,71.81,69.83,79.65,64.69,,
2023-06-06,1,0,0,breadth_broad,1742,142,32,3.7579,2.6118,374,18,71.81,71.47,80.97,64.89,,
2023-06-07,1,0,0,breadth_broad,1746,168,26,4.9536,2.965,398,16,78.41,78.41,83.56,67.23,,
2023-06-13,1,0,0,breadth_broad,1752,134,34,2.9951,3.3503,382,18,72.86,77.26,82.63,68.73,,
2023-06-21,2,0,1,breadth_broad,1747,97,38,3.2674,2.9524,597,13,65.27,76.23,82.14,72.5,,
2023-06-28,2,0,2,breadth_broad,1748,84,21,1.7467,2.3925,623,12,48.48,60.85,75.42,70.56,,
2023-07-04,3,0,1,breadth_broad,1739,91,39,3.6715,2.4267,722,8,56.39,61.51,76.77,72.99,,
2023-07-05,1,0,0,breadth_broad,1740,112,23,3.7669,2.3952,685,8,63.46,64.8,78.04,74.37,,
2023-07-17,1,0,0,breadth_broad,1761,130,35,3.1117,3.0816,532,21,66.06,67.08,76.75,76.26,,
2023-07-19,1,0,0,breadth_broad,1735,108,22,2.63,2.8387,505,19,62.23,66.07,76.95,76.38,,
2023-07-21,1,0,1,breadth_broad,1730,99,35,2.8678,2.8095,514,18,58.86,64.11,74.67,76.53,,
2023-07-25,1,0,0,breadth_broad,1760,119,58,2.678,2.6299,544,18,55.01,62.5,73.14,76.16,,
2023-07-26,1,0,1,breadth_broad,1761,111,40,2.4643,2.5234,543,21,57.68,63.83,74.87,76.31,,
2023-07-27,1,0,1,breadth_broad,1759,95,37,2.4196,2.8397,517,21,54.56,62.34,73.51,76.78,,
2023-08-04,1,0,0,breadth_broad,1767,134,37,2.9037,2.6295,493,19,56.27,60.93,72.7,79.16,,
2023-08-09,1,0,0,breadth_broad,1770,151,42,2.6504,2.6105,527,16,59.47,63.56,73.46,80.27,,
2023-08-16,1,0,0,breadth_broad,1772,174,53,1.5097,1.6652,493,23,42.58,48.61,63.34,77.68,,
2023-08-21,1,0,0,breadth_broad,1778,152,46,2.0122,1.8447,521,24,48.11,48.98,63.56,78.98,,
2023-08-22,1,0,1,breadth_broad,1778,187,26,3.4626,2.0761,548,21,57.81,55.97,66.53,79.77,,
2023-08-23,1,0,0,breadth_broad,1782,138,23,3.7957,2.2143,558,20,63.37,59.38,68.72,80.36,,
2023-08-28,2,0,1,breadth_broad,1784,152,27,4.6084,2.8106,549,20,59.2,56.56,65.7,81.21,,
2023-08-31,1,0,1,breadth_broad,1784,110,35,4.4762,4.0612,577,18,66.4,66.76,73.03,84.16,,
2023-09-05,1,0,1,breadth_broad,1788,149,35,5.3931,4.9579,569,17,76.29,79.98,80.18,87.52,,
2023-09-08,2,0,0,breadth_broad,1790,112,17,5.7188,5.6122,601,14,75.13,82.55,83.67,89.22,,
2023-09-11,1,0,0,breadth_broad,1792,152,40,4.6644,5.2867,595,19,71.7,82.46,84.25,90.53,,
2023-09-26,2,1,1,breadth_broad,1798,82,28,2.1224,0.9168,448,18,38.81,40.84,64.32,87.03,,
2023-09-28,2,0,1,breadth_broad,1797,64,25,3.5038,3.1875,434,20,36.15,37.02,61.06,85.59,,
2023-09-29,1,0,0,breadth_broad,1801,118,14,3.9444,2.9578,454,20,48.38,43.51,65.66,86.91,,
2023-10-04,1,0,0,breadth_broad,1799,59,55,3.0523,2.5436,427,16,38.74,35.67,59.24,86.02,,
2023-10-06,1,0,0,breadth_broad,1798,165,10,4.6667,4.0562,438,18,57.43,48.32,65.68,87.09,,
2023-10-11,1,0,1,breadth_broad,1805,162,13,2.4131,2.6455,455,12,60.98,56.23,65.61,87.23,,
2023-10-17,1,0,1,breadth_broad,1800,136,24,7.8242,3.0686,488,10,70.55,69.0,72.35,89.79,,
2023-10-18,3,0,3,breadth_broad,1806,98,62,4.5493,3.0876,482,10,58.27,62.59,68.72,89.23,,
2023-10-19,1,0,1,breadth_broad,1804,105,21,4.1769,2.9335,473,11,55.77,61.84,67.29,89.23,,
2024-01-05,1,0,1,breadth_broad,1838,115,25,8.8333,6.7256,551,5,73.15,79.39,85.71,91.82,,
2024-01-31,1,0,0,breadth_broad,1847,230,38,5.7127,1.9839,750,5,70.54,64.38,76.16,89.19,,
2024-02-20,1,0,0,breadth_broad,1863,160,41,5.2829,1.1823,608,11,62.26,58.19,63.65,85.23,,
2024-02-26,1,0,0,breadth_broad,1864,116,50,2.4553,2.8741,592,14,54.74,50.73,59.98,85.1,,
2024-03-02,1,0,0,breadth_broad,1850,90,19,1.1103,1.5926,492,16,49.86,49.54,57.29,83.58,,
2024-04-01,1,1,0,breadth_broad,1882,785,10,3.6177,3.0,260,69,87.32,60.96,40.84,71.05,,
2024-04-24,1,0,0,breadth_broad,1888,165,23,5.3867,2.2514,246,62,69.37,74.59,65.5,77.64,,
2024-05-02,1,0,1,breadth_broad,1893,126,36,3.485,4.3585,261,70,63.0,66.37,69.74,78.06,,
2024-05-16,1,0,1,breadth_broad,1897,119,24,4.4327,1.2668,240,74,61.35,48.89,60.28,71.44,,
2024-05-27,1,1,0,breadth_broad,1900,101,92,1.3995,2.8178,216,76,46.68,50.45,61.77,70.6,,
2024-06-11,1,0,0,breadth_broad,1903,207,16,14.3636,1.4611,307,38,87.52,74.2,66.54,73.76,,
2024-07-29,1,0,0,breadth_broad,1923,182,40,5.7151,2.0583,456,10,72.75,65.99,78.44,83.07,,
2024-08-02,1,0,0,breadth_broad,1919,105,52,2.6148,3.7477,463,12,52.77,54.69,72.95,82.45,,
2024-08-19,2,1,1,breadth_broad,1933,285,22,1.55,0.9381,450,18,65.07,50.6,55.5,76.77,,
2024-08-21,1,0,0,breadth_broad,1933,196,21,3.9424,2.7567,506,16,76.47,63.17,60.16,80.11,,
2024-09-02,1,0,1,breadth_broad,1943,98,62,2.0723,3.4746,632,11,49.02,64.78,60.83,80.63,,
2024-09-09,1,1,0,breadth_broad,1948,98,73,2.2833,2.1784,518,12,32.17,48.16,52.88,77.14,,
2024-09-12,1,0,1,breadth_broad,1950,130,25,2.1027,2.6613,467,17,51.54,54.11,59.31,77.99,,
2024-09-13,1,0,0,breadth_broad,1950,145,21,3.1073,2.7307,461,17,60.61,59.23,63.39,79.92,,
2024-09-20,1,0,0,breadth_broad,1957,175,31,1.5866,2.1704,373,18,46.3,46.44,57.75,77.41,,
2024-09-25,1,0,1,breadth_broad,1959,77,54,2.0242,2.336,359,32,47.61,49.87,59.18,77.5,,
2024-10-01,1,0,0,breadth_broad,1966,152,31,2.1737,2.037,338,36,49.16,51.11,58.72,77.15,,
2024-10-07,2,0,0,breadth_broad,1970,23,788,0.3313,0.6815,207,95,10.87,15.75,29.14,63.46,,
2024-10-09,1,0,0,breadth_broad,1967,203,17,0.6892,0.9407,260,61,33.03,30.6,42.61,70.33,,
2024-10-14,2,0,2,breadth_broad,1974,121,38,7.7328,1.0874,286,62,50.66,39.44,49.46,70.8,,
2024-10-15,3,0,2,breadth_broad,1969,138,27,5.5703,1.1366,282,57,54.56,42.59,49.71,71.33,,
2024-10-18,1,0,1,breadth_broad,1971,84,35,2.2681,1.2956,327,35,43.66,34.76,41.83,68.82,,
2024-10-25,1,0,1,breadth_broad,1972,23,421,0.2055,0.4618,148,157,8.44,11.8,16.42,51.82,,
2024-10-29,3,0,1,breadth_broad,1974,157,45,0.9334,0.5325,151,154,23.27,19.28,21.16,55.16,,
2024-10-30,3,1,1,breadth_broad,1971,326,24,1.2573,0.6279,163,113,46.19,29.81,25.38,59.0,,
2024-11-01,1,0,0,breadth_broad,1970,165,5,6.5529,0.8059,205,67,80.1,52.35,33.54,63.0,,
2024-11-04,2,0,1,breadth_broad,1980,60,163,3.4868,0.8103,247,52,61.91,35.6,27.85,59.21,,
2024-11-05,1,0,1,breadth_broad,1976,140,25,3.7284,1.6606,269,47,68.26,41.05,31.44,61.03,,
2024-11-06,4,0,1,breadth_broad,1978,275,13,3.6853,1.8939,261,46,86.78,60.11,38.71,64.36,,
2024-11-07,1,0,1,breadth_broad,1979,97,46,2.944,2.0443,254,45,77.82,55.31,37.61,63.81,,
2024-11-08,2,0,1,breadth_broad,1979,65,130,1.696,3.2128,223,60,52.0,43.85,33.06,61.14,,
2024-11-11,2,0,1,breadth_broad,1985,64,168,1.678,2.4189,206,70,36.9,39.19,30.44,58.94,,
2024-11-12,7,1,4,breadth_broad,1979,46,174,1.0341,1.8807,204,60,23.03,30.98,25.55,55.41,,
2024-11-13,4,0,4,breadth_broad,1981,20,612,0.2593,0.8425,175,86,9.62,16.8,17.36,46.89,,
2024-11-14,14,2,8,breadth_broad,1981,133,78,0.2809,0.7514,171,92,13.63,19.77,19.24,47.86,,
2024-11-18,38,8,25,breadth_broad,1992,122,143,0.3251,0.6564,144,136,13.42,19.89,18.9,46.15,,
2024-11-19,83,29,49,breadth_broad,1987,147,27,0.4524,0.7854,146,133,20.28,24.68,21.67,48.24,,
2024-11-21,83,24,33,breadth_broad,1988,63,137,0.4874,0.6763,134,179,18.19,21.28,19.5,44.2,,
2024-11-22,327,162,132,breadth_broad,1985,130,23,1.4703,0.5748,126,171,30.25,26.47,21.9,47.81,,
2024-11-25,504,173,122,breadth_broad,1994,246,23,2.0057,0.6838,135,152,52.09,39.04,26.92,51.05,,
2024-11-26,265,69,66,breadth_broad,1987,170,27,3.2137,0.8093,131,137,64.36,43.26,28.49,52.19,,
2024-11-27,162,36,37,breadth_broad,1988,196,21,3.5022,1.0056,135,124,77.79,51.8,32.5,54.53,,
2024-11-28,105,13,36,breadth_broad,1988,124,21,7.5614,1.2174,143,108,80.73,54.1,34.66,55.69,,
2024-11-29,92,7,34,breadth_broad,1991,125,23,7.5263,2.8031,161,97,85.06,60.09,38.09,56.81,,
2024-12-02,88,6,40,breadth_broad,1995,239,18,7.8257,3.3913,179,82,85.33,68.59,42.57,59.48,,
2024-12-03,116,7,33,breadth_broad,1992,192,22,8.3333,4.7742,194,67,89.24,78.56,49.49,62.27,,
2024-12-04,65,3,26,breadth_broad,1993,168,20,8.1442,4.9371,192,57,88.54,80.24,54.11,63.37,,
2024-12-05,43,1,18,breadth_broad,1992,113,21,8.0385,7.758,193,55,84.92,83.02,58.55,64.5,,
2024-12-06,39,1,19,breadth_broad,1993,164,18,8.8384,8.0981,193,56,84.02,85.71,62.35,66.04,,
2024-12-09,71,3,28,breadth_broad,1998,174,25,7.6509,7.7083,214,49,81.75,86.55,64.27,67.04,,
2024-12-10,71,2,32,breadth_broad,1995,153,49,5.8409,6.9451,216,46,76.81,87.58,67.07,67.76,,
2024-12-11,70,2,26,breadth_broad,1994,138,26,5.3696,6.562,207,53,74.64,87.74,69.59,68.49,,
2024-12-12,48,0,19,breadth_broad,1993,73,84,3.4677,5.0528,204,59,57.31,81.8,64.32,66.45,,
2024-12-13,40,2,16,breadth_broad,1995,80,44,2.7048,4.5864,202,62,49.77,76.97,63.31,65.29,,
2024-12-16,159,0,36,breadth_broad,1997,168,26,2.6725,4.2478,204,59,51.98,76.44,64.58,66.29,,
2024-12-17,138,2,36,breadth_broad,1994,94,50,2.4167,3.6583,194,69,38.96,66.95,59.64,64.19,,
2024-12-18,72,2,28,breadth_broad,1993,64,85,1.6655,2.8565,193,77,29.83,51.99,54.45,61.99,,
2024-12-19,34,1,12,breadth_broad,1997,87,46,1.9759,2.6422,205,78,26.96,44.97,50.69,60.29,,
2024-12-20,51,3,22,breadth_broad,1998,37,312,0.8685,1.4288,189,94,16.15,29.33,40.37,53.26,,
2024-12-23,49,8,19,breadth_broad,2004,66,102,0.5849,1.165,174,117,15.37,26.15,38.49,52.75,,-0.017964
2024-12-24,67,8,28,breadth_broad,2001,107,35,0.6211,1.129,169,113,19.05,25.85,38.38,52.77,,0.035982
2024-12-26,96,13,38,breadth_broad,2000,69,59,0.6576,1.0012,166,120,18.3,23.36,37.72,52.24,,0.005
2024-12-27,189,31,77,breadth_broad,2002,90,47,0.6618,1.0698,170,115,21.84,23.57,38.69,52.72,,0.021479
2024-12-30,138,18,43,breadth_broad,2008,87,148,1.0692,0.9505,164,126,21.68,21.35,35.76,49.6,,-0.030378
2024-12-31,147,26,36,breadth_broad,2008,121,30,1.489,0.8978,169,107,30.14,23.64,39.45,50.21,,0.045319
2025-01-01,349,37,85,breadth_broad,2010,205,19,1.9,1.0581,192,89,50.75,31.01,45.97,52.88,,0.092537
2025-01-02,445,27,98,breadth_broad,2010,128,19,2.4192,1.2229,188,96,68.12,37.7,51.27,56.5,,0.054229
2025-01-03,288,19,70,breadth_broad,2010,110,21,2.7617,1.2881,213,70,70.35,40.09,51.77,57.07,,0.044279
2025-01-06,23,2,8,breadth_broad,2014,31,818,0.656,0.7803,177,93,24.15,19.57,33.8,47.08,,-0.390765
2025-01-07,46,5,19,breadth_broad,2011,230,27,0.7783,0.9623,241,57,38.15,28.79,40.61,49.81,,0.100945
2025-01-08,91,14,29,breadth_broad,2013,65,67,0.5926,0.9057,210,76,30.98,26.27,36.22,47.5,,-0.000994
2025-01-09,88,12,30,breadth_broad,2014,42,129,0.45,0.8379,182,105,23.92,22.8,31.04,44.88,,-0.043198
2025-01-10,50,6,21,breadth_broad,2014,25,386,0.2751,0.6271,144,152,13.88,15.88,24.15,39.08,,-0.179245
2025-01-13,16,3,8,breadth_broad,2015,18,1038,0.2307,0.3818,109,270,7.11,8.71,15.61,32.36,,-0.506203
2025-01-14,36,7,18,breadth_broad,2012,389,32,0.3261,0.4851,110,202,9.86,12.09,17.51,35.3,,0.177435
2025-01-15,173,77,43,breadth_broad,2014,127,47,0.3677,0.4503,110,215,13.13,14.07,18.86,35.51,,0.039722
2025-01-16,639,350,124,breadth_broad,2014,223,17,0.5145,0.488,113,182,27.43,20.18,21.85,37.58,,0.102284
2025-01-17,357,127,87,breadth_broad,2014,98,31,0.7341,0.4813,119,143,38.21,22.77,23.72,38.08,,0.033267
2025-01-20,235,59,61,breadth_broad,2017,191,38,6.2622,0.7769,130,123,54.17,30.82,27.35,39.4,,0.075855
2025-01-21,91,18,27,breadth_broad,2017,33,178,2.1715,0.6166,128,127,38.5,22.6,22.58,36.07,,-0.071889
2025-01-22,33,4,12,breadth_broad,2015,22,200,1.2251,0.5571,146,104,28.89,17.46,18.85,33.86,,-0.088337
2025-01-23,128,34,41,breadth_broad,2014,109,46,0.9206,0.613,132,109,39.95,21.87,20.56,34.54,,0.031281
2025-01-24,102,33,24,breadth_broad,2017,27,246,0.5382,0.6601,129,120,23.35,15.64,16.83,31.21,,-0.108577
2025-01-27,26,10,3,breadth_broad,2021,13,857,0.1336,0.7281,113,136,8.43,9.15,10.65,25.19,,-0.417615
2025-01-28,50,16,13,breadth_broad,2020,75,276,0.151,0.4741,85,178,8.82,8.55,9.9,22.96,,-0.099505
2025-01-29,225,109,43,breadth_broad,2019,534,42,0.5167,0.6866,93,125,20.73,14.37,12.37,26.86,,0.243685
2025-01-30,624,333,134,breadth_broad,2020,122,79,0.514,0.6144,84,157,26.85,17.51,13.53,26.98,,0.021287
2025-01-31,501,252,96,breadth_broad,2019,271,47,0.7798,0.6953,84,147,49.18,31.54,15.79,29.59,,0.110946
2025-02-01,224,85,63,breadth_broad,2015,196,91,2.2434,0.6799,76,163,55.35,34.78,17.14,30.08,,0.052109
2025-02-03,46,16,11,breadth_broad,2022,69,334,2.0101,0.6479,83,171,40.58,27.56,15.42,28.19,,-0.131058
2025-02-04,127,32,51,breadth_broad,2024,190,41,1.4307,0.7794,83,156,57.33,38.48,17.31,29.74,,0.073617
2025-02-05,239,54,95,breadth_broad,2022,212,19,1.7594,0.8398,80,170,73.79,50.07,19.95,31.23,,0.09545
2025-02-06,131,38,49,breadth_broad,2024,120,67,1.4203,0.9703,80,174,72.0,50.32,20.73,31.59,,0.026186
2025-02-07,56,11,20,breadth_broad,2025,61,80,1.1996,1.7165,78,166,58.92,43.89,19.83,31.06,,-0.009383
2025-02-10,21,3,14,breadth_broad,2033,33,327,1.1498,1.6025,68,194,29.25,28.78,15.08,27.39,,-0.144614
2025-02-11,5,0,1,breadth_broad,2032,22,726,0.3659,0.7134,57,237,10.58,13.53,10.98,21.38,,-0.346457
2025-02-12,20,4,9,breadth_broad,2029,107,167,0.2474,0.6709,75,193,10.79,14.99,10.64,21.54,,-0.029571
2025-02-13,103,28,45,breadth_broad,2030,100,114,0.2258,0.5609,66,212,12.42,15.37,11.23,21.17,,-0.006897
2025-02-14,72,29,23,breadth_broad,2028,25,721,0.1382,0.3584,54,295,7.23,9.73,7.98,17.27,,-0.343195
2025-02-17,54,27,20,breadth_broad,2033,77,317,0.1619,0.3664,48,376,8.0,10.16,8.22,16.09,,-0.118052
2025-02-18,77,41,21,breadth_broad,2030,38,427,0.198,0.2655,43,417,7.81,9.03,7.58,15.22,,-0.191626
2025-02-19,280,178,65,breadth_broad,2032,492,54,0.4485,0.3567,53,353,15.06,13.48,9.13,16.84,,0.215551
2025-02-20,669,447,108,breadth_broad,2032,295,31,0.5969,0.4198,53,343,30.33,17.4,10.49,17.69,,0.129921
2025-02-21,365,197,58,breadth_broad,2034,93,69,1.1081,0.4329,52,382,32.27,16.25,10.73,17.78,,0.011799
2025-02-24,55,20,13,breadth_broad,2037,42,146,1.3223,0.4655,44,482,27.72,13.5,9.22,15.83,,-0.051055
2025-02-25,62,34,13,breadth_broad,2036,69,81,2.6053,0.6285,40,529,26.35,13.51,9.86,15.88,,-0.005894
2025-02-27,53,10,21,breadth_broad,2038,39,378,0.7628,0.5426,37,653,17.43,11.18,8.9,13.96,,-0.16634
2025-02-28,29,13,8,breadth_broad,2038,27,568,0.2168,0.4281,29,825,10.58,6.48,7.35,12.01,,-0.265456
2025-03-03,37,20,8,breadth_broad,2043,74,387,0.1609,0.5069,28,946,9.52,6.32,7.03,11.53,,-0.153206
2025-03-04,190,117,27,breadth_broad,2040,198,63,0.2759,0.6214,27,944,15.68,8.84,7.79,11.8,,0.066176
2025-03-05,743,522,67,breadth_broad,2043,580,9,0.6538,1.0701,31,815,36.28,18.59,9.88,13.37,,0.279491
2025-03-06,628,354,115,breadth_broad,2042,325,14,1.1578,0.9989,30,771,62.26,30.04,13.35,14.85,,0.152302
2025-03-07,121,51,34,breadth_broad,2043,225,28,2.8153,0.9615,30,760,74.19,40.11,14.77,15.57,,0.096427
2025-03-10,27,5,12,breadth_broad,2042,48,502,2.2374,0.7494,26,871,49.98,30.08,12.68,14.27,,-0.222331
2025-03-11,15,6,10,breadth_broad,2044,55,163,1.7245,0.7485,23,940,45.44,29.02,12.56,13.83,,-0.052838
2025-03-12,33,9,18,breadth_broad,2042,53,111,0.8652,0.7305,26,941,40.36,27.42,12.43,13.36,,-0.028404
2025-03-13,96,27,41,breadth_broad,2038,46,89,0.4792,0.8459,25,949,33.6,25.7,12.05,12.49,,-0.021099
2025-03-17,127,29,69,breadth_broad,2045,75,186,0.2636,1.0818,29,998,32.22,26.88,12.46,12.71,,-0.054279
2025-03-18,402,140,151,breadth_broad,2047,408,27,1.1078,1.6916,30,890,52.01,44.96,16.72,14.18,,0.186126
2025-03-19,530,175,212,breadth_broad,2048,436,10,2.4123,1.9798,30,775,71.77,61.54,23.86,15.65,,0.208008
2025-03-20,173,49,74,breadth_broad,2047,171,33,3.312,1.5893,35,745,76.48,65.88,28.86,16.87,,0.067416
2025-03-21,64,16,30,breadth_broad,2050,286,24,4.9319,1.5397,45,581,84.19,76.28,35.73,18.74,,0.127805
2025-03-24,41,6,16,breadth_broad,2050,235,22,13.2155,1.551,55,486,86.98,81.06,43.06,21.49,,0.103902
2025-03-25,23,7,11,breadth_broad,2051,55,340,2.764,1.8164,47,593,73.54,70.92,36.82,20.38,,-0.138957
2025-03-26,7,2,1,breadth_broad,2053,38,292,1.1056,1.5928,44,655,54.38,58.31,32.56,18.56,,-0.123721
2025-03-27,46,2,21,breadth_broad,2055,152,153,0.9229,1.6201,47,675,55.89,60.9,34.72,19.56,,-0.000487
2025-03-28,115,9,39,breadth_broad,2055,73,113,0.6017,1.6102,43,685,45.12,56.22,34.77,19.4,,-0.019465
2025-04-01,194,29,99,breadth_broad,2058,374,53,0.7266,2.0872,42,627,47.51,65.33,36.04,18.47,,0.155977
2025-04-02,357,56,185,breadth_broad,2056,206,15,1.3419,1.9156,40,628,59.89,70.65,42.42,19.84,,0.092899
2025-04-03,338,22,171,breadth_broad,2058,253,33,2.8828,1.7096,33,585,69.33,75.68,47.82,21.65,,0.1069
2025-04-04,47,4,10,breadth_broad,2055,40,579,1.1917,1.053,25,730,35.74,49.09,33.94,18.51,,-0.262287
2025-04-07,4,0,3,breadth_broad,2056,14,990,0.5285,0.5516,25,759,12.24,21.2,19.55,13.0,,-0.474708
2025-04-08,69,8,42,breadth_broad,2060,359,16,0.534,0.6053,31,728,28.71,37.11,28.92,15.03,,0.166505
2025-04-09,120,8,73,breadth_broad,2058,55,132,0.4117,0.6577,26,723,27.36,32.16,26.18,14.61,,-0.037415
2025-04-11,532,46,270,breadth_broad,2058,404,8,0.5055,0.923,32,576,48.1,49.22,35.16,17.29,,0.19242
2025-04-15,750,54,239,breadth_broad,2060,544,6,1.1944,1.1938,47,367,83.28,74.67,51.24,21.05,,0.261165
2025-04-16,223,6,49,breadth_broad,2060,181,18,8.6034,1.311,66,227,87.46,79.24,58.43,22.5,,0.079126
2025-04-17,48,0,21,breadth_broad,2060,130,21,7.125,1.1993,58,265,88.92,80.36,62.23,23.08,,0.052913
2025-04-21,53,0,21,breadth_broad,2064,251,19,20.9722,1.2245,64,226,93.15,85.32,70.88,26.92,,0.112403
2025-04-22,41,0,22,breadth_broad,2061,173,32,13.7527,1.1804,62,230,94.65,87.26,75.44,27.93,,0.068413
2025-04-23,26,1,11,breadth_broad,2062,133,23,7.8198,1.775,63,229,92.85,88.73,77.89,29.33,,0.053346
2025-04-24,31,1,16,breadth_broad,2060,105,41,5.9104,7.4505,58,247,89.1,87.8,79.01,28.78,,0.031068
2025-04-25,12,1,6,breadth_broad,2062,23,538,1.0445,2.3816,46,286,54.89,71.33,66.8,23.99,,-0.249758
2025-04-28,24,1,10,breadth_broad,2066,82,62,0.7414,2.638,57,250,47.94,71.25,67.01,25.84,,0.009681
2025-04-29,82,4,35,breadth_broad,2063,76,46,0.5862,2.1099,55,252,41.96,68.79,67.6,25.8,,0.014542
2025-04-30,47,0,14,breadth_broad,2064,24,173,0.3601,1.2082,58,251,25.05,52.11,59.01,23.36,,-0.07219
2025-05-02,55,2,17,breadth_broad,2061,62,54,0.3065,1.0489,79,168,23.26,47.71,58.11,23.24,,0.003882
2025-05-05,124,2,39,breadth_broad,2065,175,35,1.1297,1.0783,101,136,33.69,56.46,65.21,24.97,,0.067797
2025-05-06,84,4,26,breadth_broad,2064,14,452,0.4631,0.595,53,228,18.61,38.6,51.4,21.73,,-0.212209
2025-05-07,83,2,23,breadth_broad,2062,109,43,0.5093,0.5462,60,228,25.58,43.7,55.12,23.16,,0.032008
2025-05-08,108,10,43,breadth_broad,2064,59,79,0.6333,0.4795,50,280,20.32,35.21,49.41,22.05,,-0.00969
2025-05-09,54,1,16,breadth_broad,2066,50,89,0.5848,0.4301,49,318,19.96,27.89,46.32,20.62,,-0.018877
2025-05-12,706,25,193,breadth_broad,2067,1140,8,2.0447,1.7238,84,164,77.43,62.28,72.05,27.59,,0.547654
2025-05-13,724,16,242,breadth_broad,2064,216,21,6.5858,1.9308,85,161,85.74,69.03,77.26,29.06,,0.094477
2025-05-14,165,1,52,breadth_broad,2065,267,15,8.2085,2.1905,94,161,90.21,77.46,82.54,32.14,,0.122034
2025-05-15,74,1,34,breadth_broad,2067,186,35,11.1317,2.7512,102,141,90.02,81.02,85.2,34.53,,0.073053
2025-05-16,47,2,18,breadth_broad,2066,227,31,18.8426,3.0373,109,113,90.69,83.93,87.44,36.58,,0.094869
2025-05-19,48,2,19,breadth_broad,2068,207,36,8.0438,3.0619,148,79,91.67,86.03,88.44,38.01,,0.082689
2025-05-20,32,1,21,breadth_broad,2066,73,115,4.1515,5.4154,180,60,82.99,79.86,84.95,36.19,,-0.020329
2025-05-21,53,0,36,breadth_broad,2067,93,47,3.0,5.3214,205,55,84.07,83.17,86.09,37.51,,0.022254
2025-05-22,32,1,11,breadth_broad,2070,94,48,2.5145,5.763,211,60,71.02,81.69,84.59,37.0,,0.022222
2025-05-23,101,2,41,breadth_broad,2067,112,40,2.0211,6.6294,299,35,69.67,83.8,85.3,38.83,,0.034833
2025-05-26,219,1,88,breadth_broad,2072,141,46,1.7331,3.7235,349,26,69.68,83.49,85.33,40.84,,0.045849
2025-05-27,151,0,63,breadth_broad,2070,101,36,2.4885,3.3482,422,24,62.46,81.64,84.39,40.43,,0.031401
2025-05-28,124,0,35,breadth_broad,2070,126,46,2.6528,2.8431,373,27,57.18,80.27,83.31,40.32,,0.038647
2025-05-29,134,0,36,breadth_broad,2072,104,63,2.5195,2.5148,330,30,57.21,77.59,82.27,41.75,,0.019788
2025-05-30,124,0,44,breadth_broad,2075,111,75,2.1917,2.1071,335,28,51.6,75.0,80.7,40.19,,0.017349
2025-06-02,147,1,46,breadth_broad,2076,147,64,2.0739,1.8998,389,28,55.0,72.41,79.98,41.05,,0.039981
2025-06-03,150,1,48,breadth_broad,2078,86,39,2.007,2.2167,399,33,48.02,66.62,79.11,41.11,,0.022618
2025-06-04,127,2,35,breadth_broad,2077,119,34,2.0657,2.3224,487,21,50.92,66.2,79.01,41.77,,0.040924
2025-06-05,197,2,66,breadth_broad,2080,140,9,2.7364,2.6297,603,19,54.8,67.44,79.47,43.62,,0.062981
2025-06-06,277,2,161,breadth_broad,2081,144,29,3.6494,2.7682,684,16,63.3,68.41,81.0,45.79,,0.055262
2025-06-09,313,4,171,breadth_broad,2080,189,16,5.3307,3.0878,709,16,73.2,74.98,84.89,49.41,,0.083173
2025-06-10,205,4,107,breadth_broad,2081,125,25,6.3097,3.2206,591,19,75.76,76.11,85.44,50.44,,0.048054
2025-06-11,175,3,72,breadth_broad,2082,149,28,6.9533,3.4357,541,19,76.12,76.28,86.19,52.11,,0.058117
2025-06-12,58,1,25,breadth_broad,2081,54,93,3.4603,3.0513,467,22,54.82,65.02,82.44,48.17,,-0.018741
2025-06-13,39,0,21,breadth_broad,2081,49,57,2.5899,3.0332,523,17,40.58,53.15,79.61,45.43,,-0.003844
2025-06-16,66,3,32,breadth_broad,2085,88,25,2.0395,3.2141,580,17,45.21,56.87,78.71,48.2,,0.030216
2025-06-17,121,4,59,breadth_broad,2084,60,68,1.5038,2.9129,571,17,33.91,46.95,75.0,45.96,,-0.003839
2025-06-18,88,0,43,breadth_broad,2085,55,41,1.089,2.7021,596,17,28.08,42.07,73.89,43.74,,0.006715
2025-06-19,54,0,23,breadth_broad,2085,20,158,0.7861,1.7308,546,13,16.88,28.13,63.54,38.98,,-0.066187
2025-06-20,90,1,56,breadth_broad,2087,112,29,1.0535,1.6766,492,20,25.11,36.73,66.6,41.04,,0.03977
2025-06-23,123,3,73,breadth_broad,2092,87,39,0.997,1.4192,402,22,28.23,37.08,65.31,41.95,,0.022945
2025-06-24,394,23,191,breadth_broad,2090,119,26,1.3552,1.4263,404,24,41.98,44.55,69.44,44.93,,0.044498
2025-06-25,603,23,266,breadth_broad,2090,199,11,2.0654,1.5582,404,23,68.41,57.69,75.18,48.69,,0.089952
2025-06-26,258,5,120,breadth_broad,2091,78,24,4.6905,1.8199,361,21,70.2,58.8,74.37,49.43,,0.025825
2025-06-27,142,3,61,breadth_broad,2090,115,23,4.975,2.1279,438,21,71.48,61.37,74.58,50.26,,0.044019
2025-06-30,117,7,49,breadth_broad,2093,151,25,6.0275,2.2275,548,17,76.01,65.06,76.45,52.57,,0.060201
2025-07-01,88,4,47,breadth_broad,2090,96,33,5.6195,2.5434,556,15,74.1,64.31,77.11,53.0,,0.030144
2025-07-02,78,1,42,breadth_broad,2091,74,38,3.65,2.6231,577,13,68.06,60.35,76.26,52.41,,0.017217
2025-07-03,110,3,62,breadth_broad,2095,86,21,3.8029,4.2205,505,14,65.92,61.31,76.78,53.25,,0.031026
2025-07-04,167,4,100,breadth_broad,2100,91,25,3.5827,4.2085,468,17,65.25,62.64,77.7,54.09,,0.031429
2025-07-07,132,3,76,breadth_broad,2103,84,50,2.5808,3.9565,409,17,53.8,60.09,75.98,53.45,,0.016167
2025-07-08,106,4,60,breadth_broad,2100,76,31,2.5309,3.8,520,16,49.67,58.89,74.36,53.09,,0.021429
2025-07-09,146,4,93,breadth_broad,2098,91,14,3.0942,3.3741,730,10,47.77,61.15,74.53,54.27,,0.036702
2025-07-10,163,5,88,breadth_broad,2101,91,20,3.1533,3.4781,632,14,44.18,62.46,74.65,54.78,,0.033793
2025-07-11,117,4,75,breadth_broad,2104,55,27,2.8489,3.2158,641,13,35.41,51.2,69.07,53.6,,0.013308
2025-07-14,122,4,73,breadth_broad,2109,93,33,3.248,2.8664,558,15,37.63,51.84,66.25,53.18,,0.02845
2025-07-15,231,10,113,breadth_broad,2105,126,21,4.0901,3.1612,471,20,52.84,61.77,71.66,56.12,,0.049881
2025-07-16,333,17,162,breadth_broad,2105,110,23,3.8537,3.4389,452,16,58.57,65.21,73.72,58.26,,0.04133
2025-07-17,205,9,118,breadth_broad,2106,80,24,3.6457,3.3774,445,15,58.31,62.95,72.65,59.5,,0.026591
2025-07-18,114,5,56,breadth_broad,2108,68,26,3.7778,3.2782,372,17,49.67,55.05,67.15,57.48,,0.019924
2025-07-21,101,2,59,breadth_broad,2113,76,50,3.1944,3.2193,343,20,48.48,51.89,65.64,57.8,,0.012305
2025-07-22,97,6,51,breadth_broad,2109,65,46,2.3832,3.0356,343,18,43.05,46.36,62.2,57.48,,0.009009
2025-07-23,138,10,85,breadth_broad,2111,62,39,1.9126,2.7016,327,21,46.77,46.84,61.42,57.32,,0.010895
2025-07-24,156,6,93,breadth_broad,2111,62,48,1.6039,2.3802,393,15,39.92,43.01,58.18,57.07,,0.006632
2025-07-25,48,4,24,breadth_broad,2112,34,142,0.9226,1.7238,334,16,22.27,29.51,44.49,52.24,,-0.051136
2025-07-28,41,4,26,breadth_broad,2117,42,175,0.5889,1.2205,302,19,15.64,22.65,37.04,47.87,,-0.062825
2025-07-29,66,5,32,breadth_broad,2113,162,27,0.8392,1.2718,371,17,21.37,27.93,41.66,50.91,,0.06389
2025-07-30,212,44,90,breadth_broad,2112,108,37,0.9508,1.2414,388,18,27.45,30.05,41.92,51.27,,0.033617
2025-07-31,163,39,63,breadth_broad,2114,65,69,0.9087,1.128,343,17,22.68,25.67,38.38,49.9,,-0.001892
2025-08-01,133,32,58,breadth_broad,2120,49,157,0.9181,0.9201,376,17,17.04,20.07,32.87,46.33,,-0.050943
2025-08-04,158,55,51,breadth_broad,2122,127,46,1.5208,0.9873,353,15,25.14,24.23,34.55,48.28,,0.038172
2025-08-05,229,87,86,breadth_broad,2120,52,51,1.1139,0.9646,363,15,25.21,24.71,32.72,47.85,,0.000472
2025-08-06,127,40,42,breadth_broad,2121,38,122,0.7438,0.8465,360,16,22.05,20.57,28.85,45.04,,-0.039604
2025-08-07,96,33,40,breadth_broad,2124,63,78,0.7247,0.8195,240,29,24.21,19.33,27.97,44.88,,-0.007062
2025-08-08,158,63,42,breadth_broad,2124,63,97,0.8706,0.8963,214,39,19.11,15.72,23.92,41.7,,-0.016008
2025-08-11,217,97,63,breadth_broad,2125,113,84,0.7454,1.0794,181,44,25.86,19.4,26.14,42.47,,0.013647
2025-08-12,336,135,101,breadth_broad,2124,91,70,0.8067,0.9358,172,47,28.45,20.79,26.24,43.83,,0.009887
2025-08-13,332,114,100,breadth_broad,2122,128,61,1.1697,0.9329,159,47,40.64,25.21,28.04,44.76,,0.031574
2025-08-14,194,63,61,breadth_broad,2124,56,100,1.0949,0.889,157,69,39.33,23.94,27.07,43.48,,-0.020716
2025-08-18,271,74,89,breadth_broad,2130,205,45,1.6472,1.2414,171,47,52.1,35.23,32.23,45.48,,0.075117
2025-08-19,230,72,53,breadth_broad,2128,164,22,2.1723,1.3274,180,45,65.06,44.34,36.84,47.53,,0.066729
2025-08-20,177,47,66,breadth_broad,2130,139,18,2.832,1.5187,189,37,69.59,49.53,39.09,48.61,,0.056808
2025-08-21,113,31,40,breadth_broad,2128,83,26,3.0909,1.8425,183,33,69.78,52.09,39.58,49.34,,0.026786
2025-08-22,69,12,31,breadth_broad,2129,62,28,4.7591,2.0109,181,39,62.03,49.83,35.92,48.43,,0.01597
2025-08-25,121,4,75,breadth_broad,2134,97,49,3.8112,2.2624,176,39,59.29,51.47,36.64,48.84,,0.022493
2025-08-26,40,4,21,breadth_broad,2128,34,107,1.8114,2.0153,167,57,36.16,37.19,29.37,44.7,,-0.034305
2025-08-28,28,3,16,breadth_broad,2135,45,99,1.0324,1.8264,148,63,25.74,31.19,24.72,42.51,,-0.025293
2025-08-29,80,12,36,breadth_broad,2134,66,36,0.9467,1.7955,148,64,24.32,31.02,25.32,42.51,,0.014058
2025-09-01,268,49,120,breadth_broad,2140,183,21,1.3622,2.3902,179,57,37.01,41.59,29.67,45.49,,0.075701
2025-09-02,509,109,236,breadth_broad,2135,157,32,1.6463,2.3501,170,41,46.62,50.09,32.87,46.95,,0.058548
2025-09-03,347,49,172,breadth_broad,2135,162,20,2.9565,2.3563,175,40,60.0,60.0,36.75,49.47,,0.066511
2025-09-04,228,27,118,breadth_broad,2138,71,43,4.2252,2.0804,167,46,52.32,54.88,35.04,48.27,,0.013096
2025-09-05,89,12,41,breadth_broad,2138,90,32,4.5034,2.0687,166,49,55.8,53.06,35.22,48.37,,0.027128
2025-09-08,133,17,58,breadth_broad,2143,137,38,3.7394,2.1845,166,55,61.6,56.35,36.98,48.57,,0.046197
2025-09-09,111,9,66,breadth_broad,2141,83,49,2.9945,2.16,160,52,62.48,56.73,38.1,48.92,,0.01588
2025-09-10,219,22,132,breadth_broad,2142,119,38,2.5075,2.7365,149,46,70.35,62.76,44.49,51.46,,0.037815
2025-09-11,156,15,85,breadth_broad,2143,73,36,2.6094,3.3207,163,41,66.71,62.9,45.02,51.73,,0.017266
2025-09-12,116,11,64,breadth_broad,2142,70,23,2.6575,3.4848,165,29,61.03,62.75,47.55,53.01,,0.021942
2025-09-15,126,10,68,breadth_broad,2147,113,20,2.759,3.2477,171,31,63.05,66.34,49.5,54.09,,0.043316
2025-09-16,195,14,111,breadth_broad,2145,104,16,3.6136,3.2556,189,22,69.46,70.69,54.52,55.97,,0.041026
2025-09-17,171,6,100,breadth_broad,2147,93,24,3.8305,3.0,197,18,71.99,72.95,58.34,57.19,,0.032138
2025-09-18,131,6,78,breadth_broad,2147,69,31,3.9558,3.1287,218,16,70.56,73.76,60.34,57.69,,0.017699
2025-09-19,108,2,56,breadth_broad,2148,90,32,3.8279,3.1287,214,14,67.21,72.83,60.97,58.3,,0.027002
2025-09-22,90,3,45,breadth_broad,2151,88,56,2.7862,2.7895,207,16,54.64,65.14,55.74,56.51,,0.014877
2025-09-23,104,3,48,breadth_broad,2149,85,38,2.35,2.9065,202,16,45.34,60.67,54.93,56.36,,0.021871
2025-09-24,64,6,33,breadth_broad,2149,65,50,1.9223,2.6223,180,30,34.67,52.46,50.26,54.33,,0.00698
2025-09-25,49,1,36,breadth_broad,2149,48,55,1.6304,2.3965,164,32,26.25,41.34,45.09,52.5,,-0.003257
2025-09-26,20,5,13,breadth_broad,2151,25,189,0.801,1.5265,146,48,14.91,24.24,32.53,47.4,,-0.076244
2025-09-29,67,13,27,breadth_broad,2156,89,81,0.7554,1.3199,142,60,16.11,23.24,32.39,46.4,,0.003711
2025-09-30,96,12,48,breadth_broad,2156,56,42,0.6779,1.1829,136,70,18.61,23.8,32.48,46.7,,0.006494
2025-10-01,217,65,81,breadth_broad,2161,165,11,1.0053,1.3265,152,61,28.42,31.75,40.87,50.43,,0.071263
2025-10-03,461,107,145,breadth_broad,2167,161,18,1.4545,1.5245,165,52,43.77,39.07,47.07,52.63,,0.06599
2025-10-06,369,50,128,breadth_broad,2167,102,45,2.9086,1.5111,169,58,49.84,41.09,48.13,52.5,,0.026304
2025-10-07,200,22,69,breadth_broad,2168,81,54,3.3235,1.5043,161,58,50.56,40.47,48.16,52.67,,0.012454
2025-10-08,105,9,37,breadth_broad,2168,95,40,3.5952,1.5162,175,62,47.33,35.1,46.34,52.52,,0.025369
2025-10-09,119,15,43,breadth_broad,2170,107,60,2.5161,1.5613,175,67,51.16,40.98,48.98,52.82,,0.021659
2025-10-10,227,48,67,breadth_broad,2168,102,27,2.1195,1.7199,143,59,59.94,44.73,51.02,53.57,,0.034594
2025-10-13,119,31,46,breadth_broad,2173,60,66,1.8016,2.2928,160,60,47.71,38.19,48.28,51.62,,-0.002761
2025-10-14,98,15,34,breadth_broad,2172,49,97,1.4118,2.1024,151,75,33.58,30.91,41.86,49.73,,-0.022099
2025-10-15,125,16,46,breadth_broad,2174,115,36,1.5088,2.2605,157,76,41.93,39.01,46.11,50.52,,0.036339
2025-10-16,298,57,105,breadth_broad,2173,100,40,1.6,1.9958,151,73,48.06,43.71,48.28,52.69,,0.027612
2025-10-17,188,41,58,breadth_broad,2176,56,63,1.2558,1.6293,146,82,42.83,41.17,45.28,51.34,,-0.003217
2025-10-20,183,32,80,breadth_broad,2183,118,50,1.528,1.6548,148,72,49.58,46.14,48.0,51.96,,0.03115
2025-10-21,301,66,134,breadth_broad,2175,77,5,2.4346,1.8188,162,55,65.25,55.37,51.65,54.33,,0.033103
2025-10-23,246,39,142,breadth_broad,2182,93,71,1.9646,1.7104,135,50,59.47,55.1,52.07,54.84,,0.010082
2025-10-24,92,13,50,breadth_broad,2183,56,31,1.8433,1.7116,117,47,52.86,52.28,49.86,54.82,,0.011452
2025-10-27,96,12,49,breadth_broad,2185,94,53,2.0857,1.5977,127,48,57.06,53.41,50.21,55.65,,0.018764
2025-10-28,118,8,65,breadth_broad,2184,76,48,1.9317,1.709,133,39,53.11,52.48,49.72,55.24,,0.012821
2025-10-29,245,17,132,breadth_broad,2179,107,33,1.824,2.0967,170,29,61.11,57.49,53.39,57.21,,0.033961
2025-10-30,171,26,96,breadth_broad,2180,61,27,2.0847,2.0169,160,35,54.6,55.42,53.25,56.78,,0.015596
2025-10-31,113,17,67,breadth_broad,2182,64,39,2.0406,1.9348,146,40,44.17,50.02,50.8,56.21,,0.011457
2025-11-03,141,17,80,breadth_broad,2185,126,51,2.1919,2.1348,175,38,48.74,54.52,52.89,57.02,,0.034325
2025-11-04,102,9,61,breadth_broad,2184,54,45,2.1295,2.0251,191,36,35.95,44.71,48.54,55.1,,0.004121
2025-11-06,61,7,33,breadth_broad,2184,51,201,0.9889,1.3215,161,52,24.7,31.84,40.47,50.42,,-0.068681
2025-11-07,57,9,29,breadth_broad,2185,88,58,0.9745,1.3356,169,49,26.75,33.33,40.28,50.92,,0.01373
2025-11-10,166,23,71,breadth_broad,2191,90,124,0.8539,1.1944,171,47,29.54,33.73,40.34,50.17,,-0.015518
2025-11-11,203,29,120,breadth_broad,2190,80,79,0.7174,1.1339,172,47,31.87,35.88,40.5,49.8,,0.000457
2025-11-12,350,81,188,breadth_broad,2188,122,36,0.8672,1.2203,189,40,42.44,42.05,42.69,51.98,,0.039305
2025-11-13,296,91,149,breadth_broad,2190,96,65,1.3186,1.151,210,40,40.95,40.73,41.5,51.29,,0.014155
2025-11-14,174,55,72,breadth_broad,2195,100,57,1.3556,1.1569,203,41,42.65,41.62,41.07,51.14,,0.01959
2025-11-17,202,60,78,breadth_broad,2200,127,70,1.7101,1.1883,183,43,47.58,44.37,43.23,51.9,,0.025909
2025-11-18,122,38,41,breadth_broad,2198,54,61,1.7266,1.0843,184,39,39.31,36.97,40.38,49.33,,-0.003185
2025-11-19,105,29,38,breadth_broad,2199,62,61,1.3981,1.0727,168,48,40.23,37.49,40.07,49.46,,0.000455
2025-11-20,122,41,46,breadth_broad,2202,59,35,1.4155,1.3612,141,59,37.48,36.6,39.76,48.99,,0.010899
2025-11-21,95,32,34,breadth_broad,2202,41,70,1.1515,1.2656,136,76,25.64,30.25,34.27,46.32,,-0.01317
2025-11-24,73,25,24,breadth_broad,2206,50,203,0.62,1.0735,129,109,18.62,25.13,30.88,43.53,,-0.069356
2025-11-25,119,39,40,breadth_broad,2205,95,24,0.7852,1.1853,148,89,21.09,26.39,31.75,44.2,,0.0322
2025-11-26,367,153,92,breadth_broad,2207,124,17,1.0634,1.2224,156,76,39.62,35.07,36.35,47.06,,0.048482
2025-11-27,469,168,154,breadth_broad,2208,64,34,1.0809,1.2317,161,69,39.54,35.38,35.55,47.02,,0.013587
2025-11-28,245,69,94,breadth_broad,2210,72,33,1.3149,1.2364,173,51,41.85,35.61,36.11,46.06,,0.017647
2025-12-01,160,39,59,breadth_broad,2217,80,55,2.6687,1.1821,191,55,42.06,34.92,36.08,45.95,,0.011276
2025-12-02,81,21,43,breadth_broad,2218,40,39,2.1348,1.2032,150,75,35.87,32.45,34.51,45.43,,0.000451
2025-12-03,76,12,32,breadth_broad,2218,27,64,1.2578,1.1359,130,104,28.32,26.45,31.44,43.95,,-0.016682
2025-12-04,92,31,43,breadth_broad,2218,39,50,1.0705,1.073,121,119,29.45,26.3,31.53,43.58,,-0.004959
2025-12-05,152,55,62,breadth_broad,2221,53,75,0.8445,1.0842,121,131,31.33,27.91,31.57,42.63,,-0.009905
2025-12-08,77,23,39,breadth_broad,2221,36,338,0.3451,0.864,108,181,14.36,16.2,24.36,37.79,,-0.135975
2025-12-09,99,51,35,breadth_broad,2222,179,21,0.604,0.9766,104,159,21.18,20.0,26.08,40.19,,0.071107
2025-12-10,343,193,108,breadth_broad,2221,66,41,0.7048,0.868,100,159,21.27,18.21,24.17,39.32,,0.011256
2025-12-11,328,175,96,breadth_broad,2225,86,21,0.8427,0.9132,101,144,28.97,23.59,27.16,39.92,,0.029213
2025-12-12,474,206,168,breadth_broad,2222,116,13,1.1083,1.0,99,128,46.77,32.17,30.53,41.29,,0.046355
2025-12-15,269,67,134,breadth_broad,2226,100,30,4.3254,1.0709,106,123,53.23,35.74,30.85,41.49,,0.031447
2025-12-16,113,33,57,breadth_broad,2227,46,46,2.76,1.0659,104,135,40.78,29.78,28.68,40.46,,0.0
2025-12-17,69,15,39,breadth_broad,2228,50,76,2.1514,1.0817,91,172,32.25,24.98,26.29,39.64,,-0.01167
2025-12-18,73,19,35,breadth_broad,2228,55,41,1.7902,1.1184,91,191,30.06,24.81,24.4,38.58,,0.006284
2025-12-19,356,121,150,breadth_broad,2230,120,25,1.7176,1.3108,94,155,53.76,34.81,29.28,40.81,,0.042601
2025-12-22,567,147,285,breadth_broad,2236,163,29,2.0,2.8601,96,128,67.78,50.2,33.41,42.54,,0.059928
2025-12-23,255,61,135,breadth_broad,2236,98,25,2.4923,2.6087,100,113,70.02,55.07,35.79,43.28,,0.032648
2025-12-24,99,19,59,breadth_broad,2237,70,33,3.3289,2.6825,96,111,63.49,53.75,35.4,42.69,,0.01654
2025-12-26,56,6,31,breadth_broad,2238,84,35,3.6644,2.5698,91,108,53.75,49.1,34.54,42.18,,0.021895
2025-12-29,52,13,32,breadth_broad,2237,60,67,2.5132,2.0786,90,108,39.41,40.46,31.32,40.56,,-0.003129
2025-12-30,87,16,52,breadth_broad,2233,72,46,1.8537,1.9357,114,87,38.44,40.38,31.28,39.65,,0.011644
2025-12-31,295,38,203,breadth_broad,2237,117,27,1.9324,2.2045,118,74,57.47,56.74,36.88,41.66,,0.040232
2026-01-01,348,72,242,breadth_broad,2239,85,25,2.1005,2.6325,127,74,55.44,56.35,38.22,41.98,,0.026798
2026-01-02,320,43,231,breadth_broad,2236,138,20,2.5652,3.0455,126,69,67.98,68.18,42.85,44.03,,0.052773
2026-01-05,124,21,71,breadth_broad,2240,83,57,2.8229,2.6768,114,83,56.89,60.98,42.86,43.71,,0.011607
2026-01-06,86,9,37,breadth_broad,2239,59,46,2.7701,2.285,112,89,49.13,54.3,41.19,42.61,,0.005806
2026-01-07,93,9,49,breadth_broad,2241,88,24,2.6491,2.2646,109,89,52.32,55.42,42.96,43.15,,0.028559
2026-01-08,57,10,37,breadth_broad,2239,19,214,1.075,1.4401,100,112,27.46,36.48,33.01,38.35,,-0.087092
2026-01-09,30,5,22,breadth_broad,2240,24,166,0.5395,1.0797,84,155,16.63,24.08,25.21,35.87,,-0.063393
2026-01-12,60,12,32,breadth_broad,2243,73,95,0.4826,1.0528,82,187,15.1,22.48,24.28,34.42,,-0.009808
2026-01-13,133,34,56,breadth_broad,2243,84,25,0.5507,1.1047,81,160,18.09,23.46,25.42,34.94,,0.026304
2026-01-14,197,59,90,breadth_broad,2241,98,27,0.5665,1.0775,96,148,20.56,25.48,27.17,35.15,,0.031682
2026-01-16,262,95,101,breadth_broad,2243,75,62,0.9491,1.0096,89,167,23.0,25.04,25.87,34.1,,0.005796
2026-01-19,117,52,32,breadth_broad,2246,59,125,1.1647,0.7872,81,216,18.92,20.52,23.08,32.52,,-0.029386
2026-01-20,34,10,6,breadth_broad,2247,39,532,0.461,0.4703,70,293,10.22,11.58,15.41,26.75,,-0.219404
2026-01-21,38,17,10,breadth_broad,2248,77,213,0.3633,0.4294,76,354,10.0,10.5,13.73,25.0,,-0.060498
2026-01-22,219,134,49,breadth_broad,2248,229,78,0.4752,0.5065,60,338,20.58,15.82,17.18,27.39,,0.067171
2026-01-23,235,131,62,breadth_broad,2248,63,295,0.3752,0.5077,76,410,14.9,12.65,14.38,24.08,,-0.103203
2026-01-27,181,107,33,breadth_broad,2250,130,119,0.4349,0.5901,77,425,17.34,13.26,14.95,24.16,,0.004889
2026-01-28,490,239,72,breadth_broad,2249,437,27,1.2787,0.8595,82,331,36.56,20.81,19.99,27.61,,0.182303
2026-01-29,412,163,74,breadth_broad,2250,162,99,1.6521,0.8687,80,344,38.01,20.59,20.34,27.79,,0.028
2026-01-30,226,105,45,breadth_broad,2249,217,117,1.5358,0.8932,78,328,50.89,26.36,23.0,28.92,,0.044464
2026-02-01,162,68,33,breadth_broad,2251,89,287,1.5948,0.7939,60,341,38.26,18.65,17.39,23.61,,-0.087961
2026-02-02,78,34,31,breadth_broad,2250,89,116,1.5372,0.8125,57,358,41.15,20.27,18.34,25.02,,-0.012
2026-02-03,562,118,218,breadth_broad,2251,634,18,1.8697,1.5537,69,272,76.04,50.31,31.54,32.4,,0.273656
2026-02-04,159,27,75,breadth_broad,2251,294,68,2.1832,1.915,86,197,81.11,61.6,37.29,33.22,,0.1004
2026-02-05,52,9,32,breadth_broad,2250,80,118,1.9539,1.7358,80,180,72.79,57.39,34.75,32.4,,-0.016889
2026-02-06,29,8,15,breadth_broad,2250,82,95,2.841,2.0818,80,198,67.36,57.07,34.4,32.15,,-0.005778
2026-02-09,160,17,80,breadth_broad,2251,470,27,4.7853,2.6276,94,124,79.25,73.48,48.85,35.95,,0.196801
2026-02-10,168,21,93,breadth_broad,2248,176,48,3.1073,2.3121,79,101,81.81,77.6,53.88,36.63,,0.05694
2026-02-11,44,4,31,breadth_broad,2251,120,83,2.5013,2.304,98,121,77.03,75.59,53.4,37.69,,0.016437
2026-02-12,38,4,26,breadth_broad,2252,81,126,2.4512,2.145,86,139,66.06,71.33,47.97,35.99,,-0.019982
2026-02-13,30,0,17,breadth_broad,2251,49,215,1.7956,2.2702,76,167,40.62,57.77,39.01,32.72,,-0.073745
2026-02-16,51,6,29,breadth_broad,2252,75,145,0.812,2.1856,77,188,33.94,54.69,37.56,32.8,,-0.031083
2026-02-17,173,18,90,breadth_broad,2256,142,35,0.7732,1.6344,81,154,40.12,59.02,41.57,33.62,,0.047429
2026-02-18,308,33,159,breadth_broad,2254,84,31,0.7804,1.4712,79,139,45.31,60.81,44.57,34.56,,0.023514
2026-02-19,121,23,53,breadth_broad,2257,53,101,0.7647,1.4702,93,164,26.25,46.13,36.43,31.0,,-0.021267
2026-02-20,90,3,41,breadth_broad,2258,58,45,1.1541,1.528,110,148,27.47,45.89,36.94,31.67,,0.005757
2026-02-23,177,14,84,breadth_broad,2260,81,75,1.4564,1.0166,120,147,30.84,44.89,38.12,32.04,,0.002655
2026-02-24,87,6,51,breadth_broad,2258,35,139,0.7974,0.7825,112,187,26.32,36.61,34.04,29.82,,-0.046058
2026-02-25,158,19,75,breadth_broad,2260,81,55,0.7422,0.7642,104,202,32.7,38.71,35.89,31.19,,0.011504
2026-02-26,227,40,108,breadth_broad,2263,91,30,1.0058,0.8599,111,201,38.99,39.4,37.23,31.35,,0.026955
2026-02-27,189,54,76,breadth_broad,2261,55,88,0.8863,1.0148,104,217,30.26,31.26,33.06,28.43,,-0.014595
2026-03-02,24,8,8,breadth_broad,2263,65,430,0.4407,0.724,94,266,16.71,19.32,25.48,23.72,,-0.16129
2026-03-04,33,13,15,breadth_broad,2266,60,403,0.3499,0.4746,81,315,10.81,13.33,20.47,20.87,,-0.151368
2026-03-05,117,36,49,breadth_broad,2266,171,34,0.4487,0.5358,75,278,17.19,17.56,22.35,22.51,,0.060459
2026-03-06,241,100,79,breadth_broad,2269,86,67,0.4266,0.5725,78,265,16.95,17.07,22.03,21.34,,0.008374
2026-03-09,64,24,22,breadth_broad,2271,33,432,0.3038,0.4324,69,327,10.57,12.62,17.06,18.53,,-0.175694
2026-03-10,305,149,52,breadth_broad,2271,368,21,0.7503,0.6151,92,199,23.89,17.82,22.39,20.27,,0.152796
2026-03-11,437,209,88,breadth_broad,2270,103,69,1.2215,0.6832,95,241,26.4,18.22,21.31,20.04,,0.014978
2026-03-12,191,83,52,breadth_broad,2271,92,81,1.0179,0.6785,87,247,26.89,19.42,21.13,19.69,,0.004844
2026-03-13,46,15,19,breadth_broad,2273,26,534,0.5471,0.4905,61,323,13.8,11.07,15.06,17.07,,-0.223493
2026-03-16,33,14,8,breadth_broad,2276,59,200,0.716,0.4681,53,385,12.0,8.6,13.92,16.56,,-0.061951
2026-03-17,202,123,35,breadth_broad,2274,129,42,0.4406,0.5959,59,386,18.18,10.74,15.54,17.24,,0.038259
2026-03-18,714,396,113,breadth_broad,2276,405,14,0.8163,0.9853,66,290,42.25,19.76,19.85,19.22,,0.171793
2026-03-19,166,79,41,breadth_broad,2275,26,474,0.5103,0.6861,43,343,19.25,12.27,13.65,16.19,,-0.196923
2026-03-20,199,81,54,breadth_broad,2275,131,35,0.9804,0.7198,49,319,27.19,16.65,16.17,17.11,,0.042198
2026-03-23,19,9,8,breadth_broad,2277,13,1229,0.3924,0.5002,28,523,7.62,7.08,9.32,12.92,,-0.534036
2026-03-24,146,71,39,breadth_broad,2278,390,37,0.5394,0.5057,36,491,19.45,12.65,12.66,14.79,,0.15496
2026-03-25,751,391,152,breadth_broad,2280,284,30,0.4676,0.5811,40,439,44.44,21.65,16.22,16.71,,0.111404
2026-03-27,148,69,47,breadth_broad,2280,34,797,0.4004,0.4413,31,599,19.95,13.61,12.56,14.97,,-0.334649
2026-03-30,71,8,23,breadth_broad,2283,42,921,0.2532,0.4004,30,749,10.81,9.42,10.29,12.9,,-0.38502
2026-04-01,418,245,133,breadth_broad,2282,1280,12,1.1303,0.7612,41,462,43.38,23.91,15.06,15.5,,0.555653
2026-04-02,614,387,208,breadth_broad,2285,227,41,1.0372,0.7888,43,400,53.36,31.72,16.55,15.24,,0.0814
2026-04-06,452,199,157,breadth_broad,2289,284,20,1.0424,0.7539,44,368,79.28,45.07,20.09,16.43,,0.115334
2026-04-07,101,26,49,breadth_broad,2290,156,27,1.9481,0.9022,40,337,82.4,53.06,23.24,17.28,,0.056332
2026-04-08,136,22,77,breadth_broad,2288,1111,19,25.6723,1.219,42,230,95.04,87.89,41.24,21.9,,0.477273
2026-04-09,37,1,18,breadth_broad,2289,115,37,13.1458,2.0211,47,209,93.99,85.38,41.75,21.91,,0.034076
2026-04-10,32,2,12,breadth_broad,2288,300,9,17.6757,2.0047,57,159,96.01,91.94,56.2,24.87,,0.127185
2026-04-13,16,1,8,breadth_broad,2291,104,67,11.2327,1.8738,59,171,94.13,90.63,52.13,24.7,,0.01615
2026-04-15,62,3,36,breadth_broad,2291,487,18,14.1946,3.5073,108,95,96.85,95.96,68.93,29.81,,0.204714
2026-04-16,23,1,10,breadth_broad,2291,164,24,7.5909,15.4652,127,68,95.4,95.91,74.13,32.23,,0.061109
2026-04-17,25,0,13,breadth_broad,2288,212,11,9.8984,11.6815,150,47,95.97,96.83,78.82,34.24,,0.08785
2026-04-20,19,1,5,breadth_broad,2300,93,81,5.2736,9.6613,156,62,90.34,95.71,75.6,33.59,,0.005217
2026-04-21,27,0,10,breadth_broad,2377,148,47,6.1333,8.5414,159,64,87.85,95.45,80.95,35.46,,0.042491
2026-04-22,46,1,15,breadth_broad,2380,169,35,4.0102,8.4087,177,60,83.89,95.23,80.9,36.55,,0.056303
2026-04-23,54,0,14,breadth_broad,2383,101,59,3.1164,4.9016,199,57,70.79,93.88,76.0,35.99,,0.017625
2026-04-24,23,0,5,breadth_broad,2380,38,161,1.4409,3.5728,226,56,44.93,87.96,69.46,33.13,,-0.051681
2026-04-27,147,0,18,breadth_broad,2384,309,15,2.4132,3.5232,293,50,62.2,91.08,77.33,36.6,,0.123322
2026-04-28,234,2,28,breadth_broad,2383,118,40,2.371,3.7531,253,43,55.12,86.98,76.25,37.3,,0.032732
2026-04-29,212,2,21,breadth_broad,2382,91,47,2.0467,2.7857,310,40,53.5,84.72,77.54,37.71,,0.018472
2026-04-30,91,0,20,breadth_broad,2382,73,118,1.6553,2.2092,290,63,39.23,75.7,74.49,35.87,,-0.018892
2026-05-04,222,0,43,breadth_broad,2385,233,41,3.1692,2.1353,274,64,51.22,76.1,77.87,38.73,,0.080503
2026-05-05,205,0,60,breadth_broad,2381,113,49,2.1327,2.2803,272,58,49.87,70.18,77.52,39.52,,0.026879
2026-05-06,437,2,133,breadth_broad,2382,250,30,2.6632,2.5118,265,36,71.01,79.26,84.88,43.78,,0.092359
2026-05-07,377,1,188,breadth_broad,2384,238,18,3.563,2.729,353,33,78.42,81.85,87.47,46.72,,0.092282
2026-05-08,146,1,63,breadth_broad,2383,136,50,5.1596,2.8216,350,31,72.88,75.96,85.88,46.55,,0.036089
2026-05-11,60,1,27,breadth_broad,2388,83,211,2.2905,2.6559,243,47,49.14,59.43,80.7,42.57,,-0.053601
2026-05-12,24,1,13,breadth_broad,2385,46,658,0.7782,1.0955,160,57,23.16,34.43,69.11,34.61,,-0.256604
2026-05-13,41,0,22,breadth_broad,2383,188,61,0.6938,1.1305,179,55,27.51,35.92,72.35,36.15,,0.053294
2026-05-14,92,0,49,breadth_broad,2385,101,69,0.5286,1.1213,192,59,29.47,36.84,72.2,37.45,,0.013417
2026-05-15,128,2,57,breadth_broad,2381,81,116,0.4465,1.1287,142,72,25.22,32.91,70.71,36.42,,-0.0147
2026-05-18,61,2,32,breadth_broad,2383,75,212,0.4391,0.8893,125,97,18.61,25.66,62.76,32.61,,-0.057491
2026-05-19,154,7,65,breadth_broad,2384,172,33,1.2571,0.9395,137,89,25.49,31.59,66.75,35.14,,0.058305
2026-05-20,176,5,90,breadth_broad,2384,126,47,1.1593,0.8426,158,75,30.73,33.17,67.46,35.03,,0.033138
2026-05-21,397,16,171,breadth_broad,2381,141,42,1.3252,0.7662,184,63,41.62,37.6,68.28,36.78,,0.041579
2026-05-22,322,14,129,breadth_broad,2385,101,66,1.5414,0.7356,188,57,50.86,39.04,69.91,37.05,,0.014675
2026-05-25,388,8,143,breadth_broad,2387,223,47,3.2468,0.9282,202,51,67.56,50.76,75.66,40.54,,0.073733
2026-05-26,204,6,67,breadth_broad,2391,132,70,2.6581,1.7562,190,55,64.22,52.54,75.05,40.94,,0.025931
2026-05-27,117,2,45,breadth_broad,2389,158,63,2.6215,1.7124,226,51,66.32,55.04,75.04,42.03,,0.039766
2026-05-29,125,2,62,breadth_broad,2392,125,197,1.6923,1.6126,210,50,49.98,43.35,68.11,39.65,,-0.0301
2026-06-01,66,1,35,breadth_broad,2391,97,218,0.9343,1.6279,211,52,33.67,32.52,60.08,36.96,,-0.050606
2026-06-02,73,4,39,breadth_broad,2391,172,40,1.0656,1.6147,235,52,39.75,38.29,61.7,38.4,,0.055207
2026-06-03,133,10,58,breadth_broad,2387,88,78,0.9043,1.5104,231,55,35.15,35.52,58.22,37.95,,0.004189
2026-06-04,217,12,104,breadth_broad,2390,144,32,1.108,1.5296,243,48,37.71,40.47,57.94,39.41,,0.046862
2026-06-05,279,20,151,breadth_broad,2388,111,58,1.4468,1.5678,298,44,38.15,41.69,58.46,39.7,,0.022194
2026-06-08,65,6,32,breadth_broad,2388,46,252,1.2254,1.0689,300,43,22.84,29.99,44.48,36.07,,-0.086265
2026-06-09,182,17,117,breadth_broad,2390,238,30,1.3964,1.223,329,33,37.55,40.75,52.21,39.51,,0.087029
2026-06-10,156,20,80,breadth_broad,2389,67,150,1.1609,1.0313,298,40,29.1,32.87,44.12,38.03,,-0.034743
2026-06-11,75,10,39,breadth_broad,2391,52,127,0.8312,0.9685,318,38,23.51,26.65,36.67,35.16,,-0.031368
2026-06-12,372,52,207,breadth_broad,2393,439,11,1.4798,1.4632,356,29,56.02,47.61,49.0,40.35,,0.178855
2026-06-15,757,49,423,breadth_broad,2391,282,26,3.1399,2.0449,375,26,74.51,62.95,59.06,44.49,,0.107068
2026-06-16,264,9,128,breadth_broad,2394,130,41,2.7324,1.9839,398,25,75.46,66.14,60.24,45.68,,0.037176
2026-06-17,104,8,47,breadth_broad,2392,137,32,4.3882,2.1702,495,23,77.62,67.07,60.76,46.64,,0.043896
2026-06-18,96,7,51,breadth_broad,2392,134,34,7.7917,2.1513,552,21,77.74,70.22,62.41,47.62,,0.041806
2026-06-19,102,3,52,breadth_broad,2394,149,27,5.2,2.2932,565,20,77.37,69.2,61.91,48.21,,0.050961
2026-06-22,135,5,85,breadth_broad,2396,188,26,4.6125,3.6032,524,21,78.06,73.36,65.0,50.7,,0.067613
2026-06-23,68,4,42,breadth_broad,2390,61,103,3.009,2.8403,550,24,64.74,66.3,59.71,48.48,,-0.017573
2026-06-24,69,2,40,breadth_broad,2393,109,52,2.6446,3.5126,561,26,62.23,67.39,59.81,49.63,,0.023819
2026-06-25,109,4,58,breadth_broad,2395,67,97,1.8882,3.779,658,25,46.59,60.81,56.01,47.55,,-0.012526
2026-06-29,81,4,42,breadth_broad,1951,83,90,0.9076,2.1721,506,21,37.61,56.55,55.29,51.0,,
