date,n_10,pct_above_10,n_ema_10,pct_above_ema_10,n_20,pct_above_20,n_ema_20,pct_above_ema_20,n_50,pct_above_50,n_ema_50,pct_above_ema_50,n_200,pct_above_200,n_ema_200,pct_above_ema_200
2025-03-24,0,,1420,0.0,0,,1420,0.0,0,,1420,0.0,0,,1420,0.0
2025-03-25,0,,1417,16.58,0,,1417,16.58,0,,1417,16.58,0,,1417,16.58
2025-03-26,0,,1419,12.26,0,,1419,12.33,0,,1419,12.19,0,,1419,12.26
2025-03-27,0,,1419,23.61,0,,1419,21.49,0,,1419,20.51,0,,1419,20.3
2025-03-28,0,,1419,22.97,0,,1419,21.14,0,,1419,20.3,0,,1419,19.52
2025-04-01,0,,1422,36.15,0,,1422,28.9,0,,1422,24.89,0,,1422,23.49
2025-04-02,0,,1423,52.21,0,,1423,41.39,0,,1423,35.91,0,,1423,33.24
2025-04-03,0,,1424,67.63,0,,1424,56.11,0,,1424,48.81,0,,1424,45.29
2025-04-04,0,,1423,25.93,0,,1423,25.16,0,,1423,24.17,0,,1423,23.4
2025-04-07,1417,9.88,1422,7.24,0,,1422,9.14,0,,1422,10.41,0,,1422,11.04
2025-04-08,1418,25.46,1424,21.98,0,,1424,19.66,0,,1424,19.03,0,,1424,18.82
2025-04-09,1417,23.64,1423,20.59,0,,1423,19.4,0,,1423,17.78,0,,1423,17.64
2025-04-11,1418,46.76,1424,47.82,0,,1424,35.88,0,,1424,29.0,0,,1424,26.47
2025-04-15,1419,82.52,1431,85.19,0,,1431,67.71,0,,1431,51.5,0,,1431,44.58
2025-04-16,1422,88.33,1432,88.55,0,,1432,75.42,0,,1432,60.61,0,,1432,50.21
2025-04-17,1422,90.01,1434,87.87,0,,1434,77.06,0,,1434,63.67,0,,1434,54.81
2025-04-21,1423,94.59,1435,91.78,0,,1435,85.09,0,,1435,73.24,0,,1435,64.04
2025-04-22,1423,95.92,1435,91.71,0,,1435,86.62,0,,1435,77.0,0,,1435,67.6
2025-04-23,1423,93.96,1435,89.41,0,,1435,86.48,0,,1435,77.63,0,,1435,69.34
2025-04-24,1422,89.94,1434,86.05,1415,87.21,1434,83.82,0,,1434,76.71,0,,1434,70.57
2025-04-25,1423,50.39,1434,40.93,1418,67.77,1434,56.76,0,,1434,56.35,0,,1434,52.37
2025-04-28,1425,44.21,1438,46.94,1418,68.69,1438,57.3,0,,1438,57.44,0,,1438,53.06
2025-04-29,1430,37.06,1436,46.24,1418,66.43,1436,55.85,0,,1436,55.01,0,,1436,52.65
2025-04-30,1431,20.61,1437,26.37,1418,48.1,1437,37.58,0,,1437,43.77,0,,1437,42.8
2025-05-02,1432,21.3,1436,27.16,1420,43.52,1436,35.52,0,,1436,41.16,0,,1436,41.78
2025-05-05,1434,31.66,1437,45.23,1421,55.59,1437,49.48,0,,1437,51.08,0,,1437,48.71
2025-05-06,1435,15.89,1438,20.38,1421,33.78,1438,28.3,0,,1438,34.77,0,,1438,37.0
2025-05-07,1433,24.21,1436,30.64,1420,40.49,1436,34.54,0,,1436,39.62,0,,1436,39.97
2025-05-08,1434,20.29,1437,23.1,1421,31.46,1437,28.81,0,,1437,34.59,0,,1437,36.05
2025-05-09,1435,21.32,1438,21.56,1422,26.09,1438,25.24,0,,1438,31.64,0,,1438,34.84
2025-05-12,1438,81.15,1439,84.43,1423,65.85,1439,74.15,0,,1439,64.21,0,,1439,56.08
2025-05-13,1436,86.77,1437,86.22,1422,70.82,1437,79.75,0,,1437,69.24,0,,1437,61.31
2025-05-14,1437,91.37,1438,90.13,1431,78.48,1438,85.88,0,,1438,77.19,0,,1438,68.64
2025-05-15,1437,91.16,1438,90.06,1431,82.11,1438,87.34,0,,1438,80.46,0,,1438,72.04
2025-05-16,1436,91.78,1437,90.19,1432,84.92,1437,88.94,0,,1437,84.27,0,,1437,75.16
2025-05-19,1438,92.28,1439,89.85,1434,87.17,1439,89.51,0,,1439,86.24,0,,1439,78.32
2025-05-20,1438,82.96,1439,78.04,1435,81.32,1439,83.11,0,,1439,80.19,0,,1439,74.29
2025-05-21,1438,82.2,1439,79.5,1435,82.23,1439,83.32,0,,1439,81.03,0,,1439,75.54
2025-05-22,1438,72.88,1439,73.25,1435,81.11,1439,79.5,0,,1439,79.64,0,,1439,74.22
2025-05-23,1437,69.03,1438,75.1,1434,83.05,1438,81.08,0,,1438,80.95,0,,1438,76.29
2025-05-26,1439,67.41,1440,74.24,1438,82.06,1440,80.28,0,,1440,80.49,0,,1440,77.78
2025-05-27,1438,62.8,1440,71.18,1437,80.65,1440,78.06,0,,1440,80.0,0,,1440,77.29
2025-05-28,1438,58.69,1441,67.31,1437,79.05,1441,74.81,0,,1441,78.7,0,,1441,76.41
2025-05-29,1437,59.15,1441,67.18,1436,77.44,1441,73.35,0,,1441,77.72,0,,1441,76.89
2025-05-30,1439,54.0,1442,60.4,1437,73.97,1442,70.39,0,,1442,75.8,0,,1442,75.03
2025-06-02,1440,57.57,1445,62.15,1439,72.76,1445,71.07,0,,1445,76.96,0,,1445,76.4
2025-06-03,1440,50.69,1446,56.15,1439,68.38,1446,67.22,0,,1446,75.45,0,,1446,75.86
2025-06-04,1440,54.24,1447,58.88,1439,68.87,1447,68.49,0,,1447,74.78,0,,1447,75.81
2025-06-05,1440,56.46,1447,63.1,1439,68.87,1447,72.43,0,,1447,76.16,0,,1447,77.33
2025-06-06,1440,62.29,1447,66.97,1439,68.24,1447,73.81,1414,80.41,1447,78.65,0,,1447,78.85
2025-06-09,1441,74.46,1447,78.3,1439,75.54,1447,81.41,1415,85.02,1447,83.41,0,,1447,81.89
2025-06-10,1441,77.03,1446,78.42,1438,76.56,1446,81.95,1417,85.46,1446,84.65,0,,1446,82.43
2025-06-11,1442,75.52,1448,76.73,1438,75.8,1448,81.22,1418,85.75,1448,85.29,0,,1448,82.73
2025-06-12,1442,52.22,1448,50.69,1438,63.98,1448,70.23,1418,81.81,1448,79.97,0,,1448,80.04
2025-06-13,1443,41.86,1447,42.23,1438,55.42,1447,61.23,1420,78.73,1447,74.98,0,,1447,77.89
2025-06-16,1445,43.25,1448,43.78,1439,55.46,1448,60.91,1420,77.96,1448,75.28,0,,1448,77.69
2025-06-17,1446,32.57,1448,35.5,1439,45.31,1448,49.1,1421,74.31,1448,70.99,0,,1448,75.62
2025-06-18,1446,28.08,1448,32.04,1439,42.04,1448,45.86,1421,73.12,1448,67.82,0,,1448,74.72
2025-06-19,1446,15.42,1451,18.33,1439,28.01,1451,29.43,1422,61.95,1451,55.82,0,,1451,68.64
2025-06-20,1446,21.85,1452,28.1,1439,33.56,1452,38.29,1422,65.26,1452,60.26,0,,1452,70.39
2025-06-23,1447,27.02,1454,32.19,1441,34.63,1454,38.65,1423,64.37,1454,59.97,0,,1454,70.91
2025-06-24,1448,41.57,1453,49.69,1441,42.68,1453,50.86,1423,68.66,1453,67.24,0,,1453,74.05
2025-06-25,1448,71.06,1454,73.11,1442,58.53,1454,68.16,1430,75.24,1454,75.65,0,,1454,77.03
2025-06-26,1448,70.51,1454,68.98,1442,58.88,1454,67.95,1430,75.17,1454,75.65,0,,1454,78.06
2025-06-27,1448,73.83,1454,71.39,1444,62.53,1454,71.87,1432,77.09,1454,77.24,0,,1454,78.82
2025-06-30,1449,77.85,1454,73.73,1446,66.74,1454,74.21,1434,78.45,1454,79.16,0,,1454,79.85
2025-07-01,1448,74.1,1456,67.99,1446,64.8,1456,71.22,1435,77.63,1456,78.09,0,,1456,78.5
2025-07-02,1450,67.59,1459,59.56,1446,60.51,1459,65.04,1435,75.75,1459,75.81,0,,1459,77.45
2025-07-03,1451,65.61,1459,61.27,1446,61.13,1459,67.51,1435,76.72,1459,77.04,0,,1459,77.79
2025-07-04,1452,64.19,1459,62.78,1446,62.38,1459,68.4,1435,77.91,1459,78.2,0,,1459,80.12
2025-07-07,1453,52.37,1461,53.87,1447,59.3,1461,62.56,1437,76.13,1461,76.45,0,,1461,79.4
2025-07-08,1453,46.87,1459,50.38,1448,58.63,1459,59.15,1437,73.97,1459,75.53,0,,1459,80.05
2025-07-09,1452,48.76,1459,54.15,1447,61.64,1459,61.82,1436,75.14,1459,74.37,0,,1459,80.67
2025-07-10,1452,47.66,1460,54.86,1447,63.37,1460,62.05,1436,74.79,1460,75.14,0,,1460,81.16
2025-07-11,1453,37.3,1461,41.89,1448,54.56,1461,51.54,1437,68.48,1461,69.54,0,,1461,79.12
2025-07-14,1457,40.91,1465,44.37,1449,54.59,1465,52.01,1438,66.41,1465,67.92,0,,1465,78.02
2025-07-15,1458,57.48,1462,61.7,1447,64.82,1462,65.46,1437,73.21,1462,75.79,0,,1462,81.12
2025-07-16,1459,62.78,1463,65.55,1450,68.34,1463,68.76,1438,75.31,1463,78.95,0,,1463,83.12
2025-07-17,1459,63.88,1464,66.05,1451,67.68,1464,69.74,1438,74.83,1464,79.92,0,,1464,83.61
2025-07-18,1459,53.94,1464,53.21,1452,59.57,1464,61.34,1438,69.89,1464,74.86,0,,1464,81.76
2025-07-21,1461,50.44,1467,50.51,1453,55.61,1467,58.01,1438,67.11,1467,72.12,0,,1467,81.19
2025-07-22,1460,45.82,1466,46.11,1453,50.38,1466,52.93,1438,63.42,1466,68.49,0,,1466,79.6
2025-07-23,1461,46.13,1467,46.28,1453,49.9,1467,53.17,1438,62.24,1467,67.83,0,,1467,78.94
2025-07-24,1461,41.27,1467,42.4,1453,46.66,1467,48.94,1438,59.04,1467,65.58,0,,1467,77.51
2025-07-25,1463,21.94,1467,22.63,1453,31.59,1467,32.38,1439,47.12,1467,50.78,0,,1467,72.12
2025-07-28,1465,16.04,1469,18.24,1457,23.54,1469,24.37,1439,41.0,1469,42.75,0,,1469,66.98
2025-07-29,1463,23.86,1467,27.95,1459,30.84,1467,32.17,1439,44.96,1467,49.15,0,,1467,69.05
2025-07-30,1464,30.53,1469,34.38,1459,33.24,1469,36.42,1439,46.84,1469,50.71,0,,1469,69.5
2025-07-31,1464,25.82,1470,28.3,1459,28.1,1470,30.95,1439,41.9,1470,46.05,0,,1470,66.94
2025-08-01,1467,18.88,1473,19.96,1460,21.44,1473,23.56,1439,35.72,1473,37.41,0,,1473,61.17
2025-08-04,1468,26.91,1473,28.51,1460,26.3,1473,28.99,1440,36.81,1473,40.26,0,,1473,63.68
2025-08-05,1468,26.29,1475,27.19,1460,25.34,1475,28.07,1440,34.44,1475,38.03,0,,1475,62.24
2025-08-06,1468,21.59,1477,19.5,1461,20.6,1477,22.14,1441,30.67,1477,32.36,0,,1477,57.08
2025-08-07,1468,24.73,1477,21.46,1461,19.78,1477,22.07,1441,30.05,1477,32.57,0,,1477,56.6
2025-08-08,1469,18.72,1478,17.52,1464,15.64,1478,18.0,1444,25.55,1478,28.01,0,,1478,52.5
2025-08-11,1467,24.61,1476,23.78,1463,19.0,1476,21.27,1445,28.17,1476,31.3,0,,1476,52.57
2025-08-12,1469,29.48,1476,27.71,1463,21.19,1476,25.07,1446,28.15,1476,32.25,0,,1476,54.34
2025-08-13,1470,38.1,1476,34.55,1464,25.41,1476,28.86,1446,29.94,1476,34.42,0,,1476,54.74
2025-08-14,1471,36.51,1478,29.23,1464,23.36,1478,25.71,1446,28.08,1478,31.94,0,,1478,52.03
2025-08-18,1472,50.61,1479,45.98,1465,32.01,1479,35.5,1445,32.94,1479,37.73,0,,1479,56.25
2025-08-19,1474,66.76,1479,61.39,1466,43.18,1479,45.84,1446,37.62,1479,42.33,0,,1479,59.97
2025-08-20,1476,71.34,1481,65.09,1467,48.88,1481,49.09,1448,38.47,1481,45.64,0,,1481,61.78
2025-08-21,1475,71.25,1480,61.96,1466,51.3,1480,49.46,1447,39.18,1480,46.15,0,,1480,61.01
2025-08-22,1476,63.21,1481,52.53,1467,48.33,1481,44.29,1448,36.74,1481,43.28,0,,1481,59.28
2025-08-25,1478,58.86,1483,51.58,1468,49.32,1483,43.9,1448,36.74,1483,42.48,0,,1483,58.66
2025-08-26,1476,35.64,1485,29.49,1467,35.79,1485,30.17,1448,30.11,1485,34.01,0,,1485,53.13
2025-08-28,1476,25.07,1485,22.76,1469,30.97,1485,25.72,1448,25.55,1485,29.9,0,,1485,50.57
2025-08-29,1478,24.56,1485,24.18,1470,31.09,1485,25.39,1450,26.0,1485,28.75,0,,1485,49.7
2025-09-01,1480,37.03,1487,42.57,1473,42.16,1487,36.18,1451,30.32,1487,35.71,0,,1487,54.0
2025-09-02,1479,47.87,1485,53.87,1471,50.85,1485,44.11,1452,34.16,1485,40.47,0,,1485,57.24
2025-09-03,1481,62.59,1487,66.24,1474,60.58,1487,52.99,1452,38.09,1487,45.86,0,,1487,60.12
2025-09-04,1481,51.52,1489,50.91,1476,53.73,1489,45.67,1453,35.72,1489,41.71,0,,1489,57.76
2025-09-05,1480,53.85,1488,50.54,1475,51.32,1488,44.35,1452,36.85,1488,42.0,0,,1488,58.0
2025-09-08,1483,59.41,1491,54.66,1478,55.62,1491,49.23,1453,38.54,1491,44.33,0,,1491,58.75
2025-09-09,1484,60.85,1489,55.0,1475,55.66,1489,49.7,1452,39.39,1489,44.86,0,,1489,59.03
2025-09-10,1484,68.87,1489,64.41,1475,61.56,1489,58.7,1455,43.85,1489,50.57,0,,1489,62.12
2025-09-11,1484,65.43,1489,60.98,1475,61.08,1489,58.29,1458,44.24,1489,51.78,0,,1489,62.26
2025-09-12,1484,58.76,1490,59.33,1477,60.53,1490,57.85,1458,45.47,1490,51.07,0,,1490,62.75
2025-09-15,1487,62.47,1493,64.97,1480,65.61,1493,63.63,1459,48.32,1493,55.32,0,,1493,64.7
2025-09-16,1486,68.44,1490,71.81,1478,69.08,1490,68.12,1458,52.26,1490,60.4,0,,1490,66.58
2025-09-17,1488,70.7,1492,72.72,1480,72.43,1492,71.51,1458,55.83,1492,63.14,0,,1492,67.76
2025-09-18,1488,68.75,1492,69.44,1480,72.3,1492,70.17,1459,57.71,1492,63.47,0,,1492,67.49
2025-09-19,1488,64.45,1492,65.21,1480,71.08,1492,67.83,1460,58.36,1492,62.27,0,,1492,68.83
2025-09-22,1492,50.13,1495,50.84,1483,61.77,1495,56.32,1461,53.18,1495,57.26,0,,1495,65.35
2025-09-23,1489,43.05,1493,45.01,1484,57.21,1493,51.84,1462,51.64,1493,54.66,0,,1493,63.83
2025-09-24,1489,35.12,1493,36.37,1484,49.66,1493,44.81,1462,48.08,1493,50.77,0,,1493,61.42
2025-09-25,1490,25.57,1494,27.58,1484,40.43,1494,36.28,1462,43.84,1494,43.37,0,,1494,58.1
2025-09-26,1490,12.21,1497,12.83,1484,23.05,1497,21.11,1463,32.33,1497,30.19,0,,1497,49.83
2025-09-29,1493,14.0,1502,16.11,1487,21.59,1502,21.24,1464,31.76,1502,29.83,0,,1502,49.0
2025-09-30,1492,16.55,1503,20.49,1486,21.87,1503,22.49,1464,31.49,1503,29.34,0,,1503,49.57
2025-10-01,1494,27.31,1509,34.26,1490,30.94,1509,32.94,1465,39.39,1509,37.64,0,,1509,53.41
2025-10-03,1494,44.65,1510,50.86,1490,39.26,1510,43.91,1466,44.75,1510,44.04,0,,1510,57.02
2025-10-06,1494,46.18,1512,46.16,1490,38.19,1512,42.53,1467,44.38,1512,42.86,0,,1512,54.83
2025-10-07,1495,45.42,1514,41.22,1491,35.95,1514,40.36,1467,44.38,1514,42.34,0,,1514,54.82
2025-10-08,1495,41.81,1515,35.58,1491,32.53,1515,36.5,1467,41.92,1515,39.34,0,,1515,53.27
2025-10-09,1496,45.12,1515,39.08,1491,35.75,1515,39.54,1467,43.76,1515,40.26,0,,1515,53.6
2025-10-10,1497,56.65,1514,48.28,1490,38.99,1514,44.65,1468,45.98,1514,43.2,0,,1514,55.68
2025-10-13,1502,43.34,1518,35.44,1493,32.28,1518,36.23,1471,42.76,1518,39.66,0,,1518,52.7
2025-10-14,1504,28.59,1517,25.05,1491,25.75,1517,27.88,1471,36.91,1517,33.62,0,,1517,49.24
2025-10-15,1508,36.47,1517,37.57,1493,33.02,1517,34.81,1471,40.72,1517,37.84,0,,1517,51.15
2025-10-16,1509,43.94,1519,45.89,1493,38.45,1519,41.41,1474,42.61,1519,40.03,0,,1519,52.4
2025-10-17,1511,38.12,1520,37.37,1493,34.9,1520,36.18,1476,39.77,1520,36.78,0,,1520,51.18
2025-10-20,1515,46.93,1522,45.8,1495,41.14,1522,40.93,1477,42.45,1522,40.01,0,,1522,52.63
2025-10-21,1514,64.46,1520,63.09,1494,52.74,1520,51.64,1476,46.88,1520,46.12,0,,1520,55.26
2025-10-23,1514,56.67,1520,54.08,1494,51.47,1520,47.63,1476,46.95,1520,44.87,0,,1520,55.66
2025-10-24,1515,48.45,1521,44.18,1495,48.9,1521,43.52,1476,44.58,1521,42.74,0,,1521,54.64
2025-10-27,1518,54.41,1523,49.31,1500,50.93,1523,46.62,1477,44.96,1523,44.58,0,,1523,55.09
2025-10-28,1517,51.42,1521,47.34,1500,50.07,1521,46.02,1478,44.93,1521,45.23,0,,1521,54.7
2025-10-29,1513,61.53,1517,59.66,1500,57.07,1517,55.31,1474,50.0,1517,50.56,0,,1517,58.27
2025-10-30,1516,56.33,1518,55.27,1505,54.49,1518,53.23,1476,49.46,1518,49.34,0,,1518,57.64
2025-10-31,1517,45.95,1518,44.4,1506,48.01,1518,45.13,1478,45.13,1518,44.4,0,,1518,55.34
2025-11-03,1521,51.74,1522,52.23,1512,54.1,1522,52.1,1481,49.02,1522,49.41,0,,1522,55.91
2025-11-04,1518,39.53,1519,40.03,1511,45.86,1519,43.32,1479,44.22,1519,43.19,0,,1519,53.19
2025-11-06,1519,25.28,1521,25.05,1513,33.58,1521,30.37,1480,35.27,1521,34.78,0,,1521,46.61
2025-11-07,1520,27.04,1523,28.69,1513,34.57,1523,32.5,1484,35.31,1523,35.19,0,,1523,47.34
2025-11-10,1523,28.96,1527,30.58,1517,34.21,1527,33.01,1486,34.99,1527,34.45,0,,1527,46.63
2025-11-11,1520,29.34,1524,30.91,1515,32.34,1524,31.82,1484,35.44,1524,34.97,0,,1524,46.13
2025-11-12,1520,37.37,1526,40.89,1516,37.73,1526,38.47,1484,37.87,1526,39.32,0,,1526,48.17
2025-11-13,1520,36.05,1527,37.59,1516,35.95,1527,36.87,1484,36.52,1527,37.39,0,,1527,46.89
2025-11-14,1520,37.83,1529,37.93,1518,37.29,1529,37.8,1486,36.07,1529,38.0,0,,1529,46.7
2025-11-17,1523,44.39,1532,43.8,1522,40.01,1532,41.91,1490,37.85,1532,39.62,0,,1532,48.17
2025-11-18,1520,37.57,1531,35.34,1519,34.17,1531,34.23,1488,35.28,1531,35.66,0,,1531,45.0
2025-11-19,1521,36.36,1532,33.16,1519,33.05,1532,34.07,1488,34.88,1532,35.38,0,,1532,43.99
2025-11-20,1523,35.0,1533,31.25,1519,31.99,1533,32.81,1489,34.12,1533,35.36,0,,1533,43.44
2025-11-21,1524,22.31,1534,21.77,1520,25.13,1534,25.62,1489,28.54,1534,28.23,0,,1534,40.48
2025-11-24,1527,16.31,1538,16.06,1523,21.27,1538,21.46,1491,25.35,1538,25.49,0,,1538,37.06
2025-11-25,1526,19.2,1535,20.72,1520,22.17,1535,22.93,1490,26.17,1535,26.32,0,,1535,37.33
2025-11-26,1527,34.97,1536,37.3,1520,29.74,1536,31.84,1490,30.81,1536,31.97,0,,1536,40.95
2025-11-27,1529,34.21,1536,34.77,1520,29.67,1536,30.73,1490,30.6,1536,31.58,0,,1536,40.62
2025-11-28,1529,35.64,1537,34.94,1520,29.28,1537,30.64,1492,30.43,1537,31.82,0,,1537,40.92
2025-12-01,1534,36.18,1541,33.1,1523,28.96,1541,29.2,1494,30.19,1541,30.37,0,,1541,39.26
2025-12-02,1534,32.07,1540,27.73,1522,26.48,1540,26.04,1493,28.67,1540,29.09,0,,1540,39.16
2025-12-03,1535,26.64,1541,22.45,1523,22.85,1541,22.65,1493,26.19,1541,26.09,0,,1541,37.57
2025-12-04,1536,27.6,1541,23.23,1525,22.69,1541,22.13,1494,26.64,1541,25.83,0,,1541,37.38
2025-12-05,1537,25.63,1542,22.7,1526,22.61,1542,20.69,1494,26.04,1542,24.71,0,,1542,36.58
2025-12-08,1538,10.79,1543,9.4,1527,11.53,1543,11.67,1496,19.05,1543,17.69,0,,1543,30.46
2025-12-09,1538,20.09,1542,21.66,1528,18.06,1542,19.39,1498,22.43,1542,21.85,0,,1542,33.85
2025-12-10,1538,20.42,1545,21.17,1529,17.0,1545,17.67,1500,20.8,1545,19.42,0,,1545,32.3
2025-12-11,1539,29.04,1546,28.65,1531,22.01,1546,22.32,1504,23.34,1546,23.22,0,,1546,33.51
2025-12-12,1540,43.96,1546,41.01,1531,29.26,1546,29.11,1508,25.4,1546,26.33,0,,1546,34.54
2025-12-15,1541,50.94,1549,46.42,1534,33.7,1549,31.96,1510,26.09,1549,27.24,0,,1549,35.89
2025-12-16,1541,43.02,1548,36.95,1534,30.51,1548,29.78,1511,25.22,1548,25.65,0,,1548,34.5
2025-12-17,1541,32.58,1550,25.94,1535,24.89,1550,22.19,1514,22.66,1550,22.97,0,,1550,32.58
2025-12-18,1542,30.48,1550,25.23,1536,24.93,1550,22.84,1515,21.19,1550,22.0,0,,1550,32.84
2025-12-19,1542,52.46,1551,43.13,1537,34.94,1551,31.66,1515,25.08,1551,26.37,0,,1551,34.75
2025-12-22,1543,67.08,1552,64.11,1538,48.37,1552,45.17,1517,29.33,1552,30.93,0,,1552,37.31
2025-12-23,1545,70.03,1552,66.75,1538,54.23,1552,51.55,1517,32.04,1552,34.47,0,,1552,38.53
2025-12-24,1546,60.67,1552,57.54,1538,52.02,1552,48.71,1518,31.16,1552,34.02,0,,1552,38.21
2025-12-26,1546,52.13,1552,48.07,1539,48.86,1552,42.14,1518,30.7,1552,32.8,0,,1552,37.63
2025-12-29,1549,40.22,1553,37.22,1541,40.62,1553,35.42,1521,28.27,1553,30.07,0,,1553,35.8
2025-12-30,1547,38.98,1552,35.82,1539,40.42,1552,35.76,1520,28.36,1552,28.99,0,,1552,35.12
2025-12-31,1549,57.0,1552,57.28,1540,55.13,1552,47.04,1520,32.43,1552,34.02,0,,1552,38.79
2026-01-01,1550,54.32,1553,54.09,1541,55.42,1553,47.91,1521,33.46,1553,35.09,0,,1553,39.02
2026-01-02,1551,67.83,1553,70.51,1542,67.25,1553,60.21,1521,38.46,1553,41.34,0,,1553,40.89
2026-01-05,1552,55.15,1554,56.18,1543,60.01,1554,52.19,1523,38.87,1554,40.28,0,,1554,40.09
2026-01-06,1552,45.81,1554,45.3,1542,52.2,1554,46.27,1522,36.93,1554,37.19,0,,1554,39.0
2026-01-07,1552,48.58,1554,48.13,1545,52.88,1554,47.55,1522,39.09,1554,39.32,0,,1554,39.9
2026-01-08,1552,27.71,1554,25.93,1546,34.8,1554,29.92,1522,29.63,1554,28.89,0,,1554,34.75
2026-01-09,1552,15.27,1555,13.76,1546,23.93,1555,19.36,1522,22.6,1555,22.64,0,,1555,30.93
2026-01-12,1554,14.41,1556,15.04,1549,20.98,1556,18.51,1523,21.27,1556,20.69,1408,29.12,1556,29.05
2026-01-13,1553,16.03,1555,18.78,1548,22.48,1555,20.84,1522,23.06,1555,22.44,1410,30.28,1555,29.65
2026-01-14,1553,19.19,1555,23.47,1550,24.45,1555,23.73,1522,25.36,1555,24.05,1412,30.17,1555,29.77
2026-01-16,1553,20.54,1555,23.28,1550,23.55,1555,23.6,1523,24.1,1555,23.54,1412,28.75,1555,29.26
2026-01-19,1554,15.77,1557,17.79,1552,18.23,1557,18.69,1526,21.17,1557,20.04,1413,27.03,1557,26.65
2026-01-20,1554,7.66,1557,7.06,1551,9.67,1557,9.76,1526,13.3,1557,12.59,1420,22.54,1557,21.64
2026-01-21,1554,7.98,1558,7.7,1552,8.7,1558,8.86,1526,12.06,1558,12.13,1420,21.13,1558,20.99
2026-01-22,1554,18.98,1558,18.49,1552,13.47,1558,14.57,1528,15.25,1558,14.57,1420,23.24,1558,23.11
2026-01-23,1555,12.03,1558,10.59,1552,9.41,1558,9.69,1529,11.31,1558,11.1,1420,20.14,1558,19.9
2026-01-27,1556,15.1,1559,15.33,1553,10.95,1559,12.25,1532,12.66,1559,12.06,1421,20.13,1559,20.46
2026-01-28,1555,35.69,1559,34.77,1553,18.74,1559,22.58,1531,17.64,1559,17.25,1421,22.73,1559,23.6
2026-01-29,1555,34.98,1559,32.78,1553,18.22,1559,22.32,1533,17.74,1559,17.06,1422,23.21,1559,24.12
2026-01-30,1555,53.5,1559,47.59,1553,26.46,1559,31.17,1534,21.64,1559,21.23,1422,24.68,1559,25.91
2026-02-01,1557,41.68,1560,30.32,1554,18.21,1560,20.71,1536,15.89,1560,14.87,1429,20.92,1560,22.31
2026-02-02,1558,46.98,1560,33.53,1554,22.46,1560,23.27,1537,17.76,1560,16.79,1429,22.11,1560,23.72
2026-02-03,1559,78.19,1560,72.31,1555,49.71,1560,52.82,1538,31.34,1560,32.76,1431,28.02,1560,30.58
2026-02-04,1559,82.75,1560,78.72,1555,62.7,1560,63.27,1538,37.65,1560,37.37,1433,29.45,1560,33.01
2026-02-05,1559,73.38,1560,64.81,1555,56.59,1560,53.08,1539,35.35,1560,35.26,1434,28.73,1560,31.6
2026-02-06,1559,66.9,1560,60.13,1556,55.66,1560,50.51,1539,35.28,1560,35.06,1434,28.31,1560,30.9
2026-02-09,1560,81.28,1560,80.51,1556,74.94,1560,71.6,1540,48.51,1560,48.46,1434,32.91,1560,36.86
2026-02-10,1560,82.69,1560,81.92,1556,78.66,1560,74.29,1541,53.41,1560,52.82,1434,33.4,1560,37.63
2026-02-11,1560,76.09,1560,73.65,1556,74.81,1560,69.42,1541,51.91,1560,50.45,1436,33.7,1560,37.37
2026-02-12,1560,62.82,1560,59.49,1556,70.31,1560,59.49,1542,46.17,1560,45.51,1436,31.89,1560,35.13
2026-02-13,1560,41.79,1560,40.26,1557,57.1,1560,44.62,1542,39.56,1560,36.92,1436,29.18,1560,32.5
2026-02-16,1560,33.78,1563,37.11,1558,53.53,1563,41.59,1543,36.88,1563,35.19,1436,28.97,1563,31.99
2026-02-17,1560,41.35,1563,47.79,1559,58.95,1563,47.92,1543,41.22,1563,39.67,1436,29.94,1563,33.4
2026-02-18,1560,44.42,1563,50.74,1559,60.87,1563,51.12,1543,43.16,1563,41.65,1437,30.55,1563,34.29
2026-02-19,1560,26.79,1564,31.2,1559,47.15,1564,37.92,1546,36.55,1564,35.04,1437,27.63,1564,31.33
2026-02-20,1560,25.77,1564,32.99,1559,45.03,1564,38.36,1547,36.39,1564,34.85,1437,27.7,1564,31.14
2026-02-23,1560,28.53,1564,34.91,1560,42.44,1564,38.36,1547,37.17,1564,35.1,1437,28.46,1564,32.16
2026-02-24,1560,23.65,1564,26.98,1560,34.68,1564,31.59,1549,32.8,1564,30.24,1437,26.58,1564,29.8
2026-02-25,1560,30.9,1565,32.46,1560,36.99,1565,35.53,1549,35.25,1565,33.29,1437,27.91,1565,31.05
2026-02-26,1560,36.54,1565,37.32,1560,37.76,1565,37.32,1551,35.91,1565,34.06,1437,27.97,1565,30.99
2026-02-27,1563,29.37,1565,29.27,1560,30.51,1565,31.76,1551,32.11,1565,31.05,1437,25.47,1565,29.07
2026-03-02,1563,16.44,1566,15.58,1560,18.46,1566,20.05,1552,25.64,1566,22.86,1437,21.78,1566,25.22
2026-03-04,1563,9.02,1567,8.81,1560,11.6,1567,11.61,1552,19.72,1567,17.8,1438,19.61,1567,21.51
2026-03-05,1563,15.93,1567,16.72,1559,15.97,1567,17.93,1552,22.42,1567,21.0,1438,21.28,1567,23.55
2026-03-06,1563,16.51,1567,17.1,1559,15.84,1567,17.93,1552,22.04,1567,20.17,1437,20.18,1567,22.85
2026-03-09,1564,10.49,1569,10.07,1560,10.64,1569,11.98,1553,17.26,1569,14.28,1438,17.73,1569,19.57
2026-03-10,1564,24.49,1569,24.98,1560,17.12,1569,19.95,1553,22.34,1569,20.14,1438,19.68,1569,22.94
2026-03-11,1565,27.41,1570,26.31,1560,16.86,1570,19.68,1554,21.69,1570,19.62,1439,19.53,1570,22.42
2026-03-12,1564,28.64,1569,25.75,1559,18.47,1569,19.63,1553,21.12,1569,19.12,1439,19.18,1569,21.61
2026-03-13,1565,13.99,1571,10.63,1560,10.19,1571,10.25,1554,14.35,1571,12.29,1441,16.03,1571,18.01
2026-03-16,1566,13.15,1571,9.68,1563,8.83,1571,9.17,1554,13.51,1571,11.2,1442,15.6,1571,17.44
2026-03-17,1567,20.68,1571,16.3,1563,11.84,1571,12.92,1554,15.64,1571,13.62,1442,16.57,1571,18.91
2026-03-18,1568,48.15,1571,43.03,1563,22.39,1571,26.03,1555,20.45,1571,19.03,1444,18.84,1571,20.81
2026-03-19,1568,20.34,1572,16.03,1564,13.17,1572,12.85,1555,15.18,1572,12.66,1445,15.64,1572,17.18
2026-03-20,1569,30.66,1572,26.02,1564,18.73,1572,19.15,1555,18.01,1572,16.6,1446,16.74,1572,19.21
2026-03-23,1569,8.16,1573,6.48,1564,8.06,1573,6.74,1556,10.6,1573,8.14,1446,11.83,1573,13.8
2026-03-24,1570,22.48,1574,19.82,1564,15.35,1574,14.17,1556,15.04,1574,12.83,1446,14.45,1574,16.33
2026-03-25,1570,47.77,1574,44.03,1565,26.71,1574,26.18,1556,18.7,1574,17.47,1446,16.87,1574,18.87
2026-03-27,1571,23.62,1574,19.12,1565,16.68,1574,15.25,1556,14.59,1574,12.96,1446,14.73,1574,16.84
2026-03-30,1571,12.22,1575,10.98,1565,11.44,1575,9.97,1556,12.21,1575,10.73,1448,13.05,1575,14.22
2026-04-01,1571,47.29,1575,47.75,1566,28.74,1575,25.59,1557,17.92,1575,16.95,1448,15.61,1575,17.78
2026-04-02,1571,59.58,1578,59.51,1567,37.91,1578,33.14,1558,19.77,1578,19.58,1448,15.47,1578,18.19
2026-04-06,1572,79.13,1578,75.03,1568,51.4,1578,47.21,1559,23.86,1578,24.14,1448,16.64,1578,19.96
2026-04-07,1572,80.41,1578,73.95,1568,57.4,1578,52.47,1559,26.36,1578,27.06,1448,17.68,1578,20.15
2026-04-08,1573,94.91,1578,94.3,1569,88.02,1578,87.01,1559,46.57,1578,50.57,1448,22.86,1578,27.63
2026-04-09,1574,93.27,1578,91.83,1569,86.81,1578,84.47,1559,46.18,1578,49.62,1450,22.97,1578,28.26
2026-04-10,1573,95.74,1577,95.31,1569,91.84,1577,90.11,1559,58.82,1577,63.47,1450,26.14,1577,32.34
2026-04-13,1574,93.77,1578,90.81,1570,90.7,1578,86.31,1560,55.77,1578,60.52,1452,26.03,1578,32.57
2026-04-15,1574,96.82,1577,96.32,1570,95.73,1577,94.1,1559,72.29,1577,75.59,1451,29.91,1577,39.0
2026-04-16,1574,95.36,1577,95.37,1570,95.61,1577,93.85,1559,77.1,1577,80.47,1452,32.64,1577,41.09
2026-04-17,1577,95.69,1577,96.64,1570,96.75,1577,95.88,1559,80.63,1577,84.02,1452,34.85,1577,45.34
2026-04-20,1577,90.42,1635,88.26,1570,95.99,1635,90.15,1559,77.93,1635,77.43,1452,34.16,1635,42.2
2026-04-21,1577,89.03,1637,90.41,1571,96.05,1637,92.55,1559,81.27,1637,82.1,1452,36.29,1637,46.37
2026-04-22,1577,85.42,1638,88.83,1571,95.99,1638,91.09,1559,82.81,1638,82.72,1455,38.01,1638,48.47
2026-04-23,1577,74.64,1638,81.5,1572,94.53,1638,88.46,1559,79.6,1638,79.85,1458,37.38,1638,47.68
2026-04-24,1577,49.4,1638,59.71,1573,87.29,1638,77.47,1559,73.57,1638,71.06,1458,35.25,1638,43.53
2026-04-27,1578,69.52,1639,81.33,1574,91.23,1639,87.25,1560,82.24,1639,79.56,1459,39.14,1639,49.05
2026-04-28,1577,60.62,1638,72.89,1573,88.62,1638,83.46,1559,80.44,1638,77.05,1458,39.37,1638,48.84
2026-04-29,1336,61.0,1385,75.02,1333,87.62,1385,83.9,1319,83.47,1385,80.0,1233,40.15,1385,49.75
2026-04-30,118,45.76,167,54.49,115,77.39,167,68.86,101,78.22,167,71.26,16,56.25,167,58.08
2026-05-04,1389,57.88,1390,68.13,1341,82.62,1390,80.29,1327,82.74,1390,78.78,1240,41.69,1390,50.43
2026-05-05,1389,55.08,1389,64.65,1340,77.84,1389,77.39,1326,82.28,1389,76.53,1239,42.53,1389,51.48
2026-05-06,1389,72.71,1389,80.63,1341,84.49,1389,86.11,1327,88.77,1389,84.45,1242,47.26,1389,55.58
2026-05-07,1393,79.47,1393,84.64,1344,86.61,1393,88.73,1331,91.06,1393,87.15,1245,50.84,1393,60.09
2026-05-08,1394,72.24,1395,76.63,1345,81.19,1395,84.95,1332,89.71,1395,85.02,1246,50.32,1395,59.0
2026-05-11,1397,53.97,1398,54.58,1348,67.43,1398,72.75,1335,85.77,1398,78.04,1250,46.96,1398,54.58
2026-05-12,1389,25.99,1390,25.11,1340,40.75,1390,43.67,1327,74.45,1390,61.87,1242,38.24,1390,45.4
2026-05-13,1381,29.11,1382,31.48,1332,42.79,1382,48.34,1320,76.06,1382,63.31,1236,40.21,1382,46.74
2026-05-14,1380,29.35,1381,33.89,1331,41.1,1381,49.24,1319,75.21,1381,62.35,1236,41.18,1381,47.14
2026-05-15,1376,26.02,1377,30.21,1327,37.23,1377,44.01,1315,74.6,1377,60.06,1232,40.34,1377,45.46
2026-05-18,1369,18.99,1370,23.07,1367,29.26,1370,34.31,1309,67.07,1370,51.46,1225,36.41,1370,41.68
2026-05-19,1356,26.92,1357,33.9,1356,35.03,1357,42.08,1300,71.23,1357,56.23,1216,39.47,1357,44.29
2026-05-20,1357,31.69,1358,38.51,1357,36.18,1358,45.66,1301,71.94,1358,56.19,1216,39.64,1358,45.14
2026-05-21,1361,43.2,1361,46.51,1360,40.81,1361,50.99,1304,72.78,1361,59.88,1219,41.76,1361,47.76
2026-05-22,1362,49.85,1362,48.53,1361,42.1,1362,51.62,1306,73.2,1362,60.43,1222,41.98,1362,47.58
2026-05-25,1360,66.62,1360,62.28,1359,50.11,1360,61.69,1304,77.07,1360,65.0,1221,44.88,1360,50.59
2026-05-26,1366,65.08,1366,60.61,1365,52.01,1366,60.25,1311,77.42,1366,65.96,1228,45.93,1366,51.54
2026-05-27,1366,66.4,1366,60.47,1365,52.6,1366,60.76,1311,77.5,1366,65.96,1228,46.25,1366,51.9
2026-05-28,1222,68.17,1222,60.88,1222,52.86,1222,61.46,1222,78.15,1222,67.18,1222,46.48,1222,51.72
2026-05-29,1362,50.29,1362,42.88,1361,43.94,1362,50.29,1308,72.78,1362,59.84,1227,44.58,1362,48.97
2026-06-01,1360,36.84,1360,33.9,1359,37.23,1360,40.44,1306,64.62,1360,52.06,1227,42.05,1360,46.4
2026-06-02,1343,44.38,1343,43.19,1342,42.62,1343,46.61,1290,66.98,1343,56.96,1211,43.77,1343,48.55
2026-06-03,1346,41.01,1346,41.98,1345,43.2,1346,46.58,1292,64.47,1346,55.57,1213,43.69,1346,47.7
2026-06-04,1341,43.85,1341,46.09,1340,46.87,1341,48.47,1289,64.31,1341,55.7,1209,45.49,1341,48.7
2026-06-05,1339,43.69,1339,46.0,1339,47.57,1339,48.1,1286,63.45,1339,55.86,1206,44.78,1339,48.99
2026-06-08,1340,27.09,1340,28.73,1340,36.87,1340,35.6,1288,53.49,1340,45.9,1208,41.47,1340,44.55
2026-06-09,1335,44.19,1335,47.94,1335,47.94,1335,47.27,1284,58.18,1335,53.56,1205,44.9,1335,48.31
2026-06-10,1338,33.33,1339,33.38,1338,38.79,1339,38.83,1286,51.32,1339,46.6,1207,43.66,1339,46.23
2026-06-11,1338,25.26,1339,24.27,1338,30.49,1339,30.69,1287,44.99,1339,42.94,1209,40.53,1339,43.69
2026-06-12,1335,59.93,1336,61.3,1335,52.96,1336,53.82,1284,56.85,1336,55.31,1206,46.6,1336,49.7
2026-06-15,1343,76.92,1344,79.69,1343,67.83,1344,70.76,1293,65.27,1344,66.96,1215,50.12,1344,53.27
2026-06-16,1354,78.43,1355,79.19,1354,70.01,1355,73.21,1306,66.31,1355,69.08,1225,50.61,1355,54.24
2026-06-17,1358,79.82,1359,78.22,1358,72.61,1359,74.1,1310,67.02,1359,71.01,1229,51.83,1359,55.56
2026-06-18,1356,80.09,1357,77.52,1356,73.89,1357,76.05,1309,68.14,1357,72.07,1232,53.17,1357,57.18
2026-06-19,1354,80.5,1355,76.01,1354,73.63,1355,74.91,1307,68.32,1355,72.69,1230,53.66,1355,58.08
2026-06-22,1353,81.89,1354,80.13,1353,78.86,1354,79.32,1305,71.72,1354,76.37,1228,56.68,1354,60.78
2026-06-23,1351,68.39,1351,64.4,1350,71.41,1351,70.02,1304,66.1,1351,70.98,1227,54.52,1351,57.51
2026-06-24,1351,66.32,1351,65.51,1350,72.07,1351,68.84,1303,65.85,1351,70.98,1226,54.98,1351,59.73
